{
  "model_name": "allenai/Olmo-3-7B-Think-SFT",
  "n_layers": 32,
  "n_train": 700,
  "n_val": 150,
  "n_test": 150,
  "n_total": 1000,
  "n_correct": 475,
  "n_incorrect": 525,
  "correct_ratio": 47.5,
  "class_weight": "balanced",
  "indices_path": "/Users/antyabharahman/Downloads/Personal/final_research/paper_codebase/-rl-sft-reasoning/experiment_code/layerwise_linear_probe/balanced_outputs/785/olmo3/balanced_indices_Olmo-3-7B-Think-SFT.json",
  "probe_config": {
    "cv_folds": 5,
    "C_range": [
      0.01,
      0.1,
      1.0,
      10.0,
      100.0
    ],
    "max_iter": 5000,
    "random_state": 42,
    "solver": "lbfgs"
  },
  "layer_results": [
    {
      "layer": 0,
      "best_C": 100.0,
      "train": {
        "accuracy": 0.98,
        "precision": 0.9648093841642229,
        "recall": 0.9939577039274925,
        "f1": 0.9791666666666666
      },
      "val": {
        "accuracy": 0.98,
        "precision": 0.9855072463768116,
        "recall": 0.9714285714285714,
        "f1": 0.9784172661870504
      },
      "test": {
        "accuracy": 0.98,
        "precision": 0.9733333333333334,
        "recall": 0.9864864864864865,
        "f1": 0.9798657718120806
      }
    },
    {
      "layer": 1,
      "best_C": 100.0,
      "train": {
        "accuracy": 0.9885714285714285,
        "precision": 0.982089552238806,
        "recall": 0.9939577039274925,
        "f1": 0.987987987987988
      },
      "val": {
        "accuracy": 0.9866666666666667,
        "precision": 0.9857142857142858,
        "recall": 0.9857142857142858,
        "f1": 0.9857142857142858
      },
      "test": {
        "accuracy": 0.98,
        "precision": 0.9733333333333334,
        "recall": 0.9864864864864865,
        "f1": 0.9798657718120806
      }
    },
    {
      "layer": 2,
      "best_C": 100.0,
      "train": {
        "accuracy": 0.99,
        "precision": 0.9821428571428571,
        "recall": 0.9969788519637462,
        "f1": 0.9895052473763118
      },
      "val": {
        "accuracy": 1.0,
        "precision": 1.0,
        "recall": 1.0,
        "f1": 1.0
      },
      "test": {
        "accuracy": 0.9933333333333333,
        "precision": 0.9866666666666667,
        "recall": 1.0,
        "f1": 0.9932885906040269
      }
    },
    {
      "layer": 3,
      "best_C": 100.0,
      "train": {
        "accuracy": 0.9914285714285714,
        "precision": 0.9821958456973294,
        "recall": 1.0,
        "f1": 0.9910179640718563
      },
      "val": {
        "accuracy": 1.0,
        "precision": 1.0,
        "recall": 1.0,
        "f1": 1.0
      },
      "test": {
        "accuracy": 0.9933333333333333,
        "precision": 0.9866666666666667,
        "recall": 1.0,
        "f1": 0.9932885906040269
      }
    },
    {
      "layer": 4,
      "best_C": 100.0,
      "train": {
        "accuracy": 0.9928571428571429,
        "precision": 0.9851190476190477,
        "recall": 1.0,
        "f1": 0.992503748125937
      },
      "val": {
        "accuracy": 0.9933333333333333,
        "precision": 1.0,
        "recall": 0.9857142857142858,
        "f1": 0.9928057553956835
      },
      "test": {
        "accuracy": 0.9933333333333333,
        "precision": 0.9866666666666667,
        "recall": 1.0,
        "f1": 0.9932885906040269
      }
    },
    {
      "layer": 5,
      "best_C": 10.0,
      "train": {
        "accuracy": 0.99,
        "precision": 0.9792899408284024,
        "recall": 1.0,
        "f1": 0.9895366218236173
      },
      "val": {
        "accuracy": 1.0,
        "precision": 1.0,
        "recall": 1.0,
        "f1": 1.0
      },
      "test": {
        "accuracy": 0.9933333333333333,
        "precision": 0.9866666666666667,
        "recall": 1.0,
        "f1": 0.9932885906040269
      }
    },
    {
      "layer": 6,
      "best_C": 10.0,
      "train": {
        "accuracy": 0.99,
        "precision": 0.9792899408284024,
        "recall": 1.0,
        "f1": 0.9895366218236173
      },
      "val": {
        "accuracy": 0.9933333333333333,
        "precision": 1.0,
        "recall": 0.9857142857142858,
        "f1": 0.9928057553956835
      },
      "test": {
        "accuracy": 0.9933333333333333,
        "precision": 0.9866666666666667,
        "recall": 1.0,
        "f1": 0.9932885906040269
      }
    },
    {
      "layer": 7,
      "best_C": 10.0,
      "train": {
        "accuracy": 0.99,
        "precision": 0.9792899408284024,
        "recall": 1.0,
        "f1": 0.9895366218236173
      },
      "val": {
        "accuracy": 0.9933333333333333,
        "precision": 1.0,
        "recall": 0.9857142857142858,
        "f1": 0.9928057553956835
      },
      "test": {
        "accuracy": 0.9933333333333333,
        "precision": 0.9866666666666667,
        "recall": 1.0,
        "f1": 0.9932885906040269
      }
    },
    {
      "layer": 8,
      "best_C": 1.0,
      "train": {
        "accuracy": 0.9885714285714285,
        "precision": 0.976401179941003,
        "recall": 1.0,
        "f1": 0.9880597014925373
      },
      "val": {
        "accuracy": 0.9933333333333333,
        "precision": 1.0,
        "recall": 0.9857142857142858,
        "f1": 0.9928057553956835
      },
      "test": {
        "accuracy": 0.9933333333333333,
        "precision": 0.9866666666666667,
        "recall": 1.0,
        "f1": 0.9932885906040269
      }
    },
    {
      "layer": 9,
      "best_C": 1.0,
      "train": {
        "accuracy": 0.9885714285714285,
        "precision": 0.976401179941003,
        "recall": 1.0,
        "f1": 0.9880597014925373
      },
      "val": {
        "accuracy": 1.0,
        "precision": 1.0,
        "recall": 1.0,
        "f1": 1.0
      },
      "test": {
        "accuracy": 0.9933333333333333,
        "precision": 0.9866666666666667,
        "recall": 1.0,
        "f1": 0.9932885906040269
      }
    },
    {
      "layer": 10,
      "best_C": 1.0,
      "train": {
        "accuracy": 0.9885714285714285,
        "precision": 0.976401179941003,
        "recall": 1.0,
        "f1": 0.9880597014925373
      },
      "val": {
        "accuracy": 0.9933333333333333,
        "precision": 1.0,
        "recall": 0.9857142857142858,
        "f1": 0.9928057553956835
      },
      "test": {
        "accuracy": 0.9933333333333333,
        "precision": 0.9866666666666667,
        "recall": 1.0,
        "f1": 0.9932885906040269
      }
    },
    {
      "layer": 11,
      "best_C": 100.0,
      "train": {
        "accuracy": 1.0,
        "precision": 1.0,
        "recall": 1.0,
        "f1": 1.0
      },
      "val": {
        "accuracy": 0.9933333333333333,
        "precision": 1.0,
        "recall": 0.9857142857142858,
        "f1": 0.9928057553956835
      },
      "test": {
        "accuracy": 0.9933333333333333,
        "precision": 0.9866666666666667,
        "recall": 1.0,
        "f1": 0.9932885906040269
      }
    },
    {
      "layer": 12,
      "best_C": 100.0,
      "train": {
        "accuracy": 1.0,
        "precision": 1.0,
        "recall": 1.0,
        "f1": 1.0
      },
      "val": {
        "accuracy": 1.0,
        "precision": 1.0,
        "recall": 1.0,
        "f1": 1.0
      },
      "test": {
        "accuracy": 0.9933333333333333,
        "precision": 0.9866666666666667,
        "recall": 1.0,
        "f1": 0.9932885906040269
      }
    },
    {
      "layer": 13,
      "best_C": 100.0,
      "train": {
        "accuracy": 1.0,
        "precision": 1.0,
        "recall": 1.0,
        "f1": 1.0
      },
      "val": {
        "accuracy": 1.0,
        "precision": 1.0,
        "recall": 1.0,
        "f1": 1.0
      },
      "test": {
        "accuracy": 0.9933333333333333,
        "precision": 0.9866666666666667,
        "recall": 1.0,
        "f1": 0.9932885906040269
      }
    },
    {
      "layer": 14,
      "best_C": 100.0,
      "train": {
        "accuracy": 1.0,
        "precision": 1.0,
        "recall": 1.0,
        "f1": 1.0
      },