{
  "model_name": "allenai/Olmo-3-7B-Think",
  "n_layers": 32,
  "n_train": 700,
  "n_val": 150,
  "n_test": 150,
  "n_total": 1000,
  "n_correct": 527,
  "n_incorrect": 473,
  "correct_ratio": 52.7,
  "class_weight": "balanced",
  "indices_path": "/Users/antyabharahman/Downloads/Personal/final_research/paper_codebase/-rl-sft-reasoning/experiment_code/layerwise_linear_probe/balanced_outputs/785/olmo3/balanced_indices_Olmo-3-7B-Think.json",
  "probe_config": {
    "cv_folds": 5,
    "C_range": [
      0.01,
      0.1,
      1.0,
      10.0,
      100.0
    ],
    "max_iter": 5000,
    "random_state": 42,
    "solver": "lbfgs"
  },
  "layer_results": [
    {
      "layer": 0,
      "best_C": 100.0,
      "train": {
        "accuracy": 0.9857142857142858,
        "precision": 0.9863760217983651,
        "recall": 0.9863760217983651,
        "f1": 0.9863760217983651
      },
      "val": {
        "accuracy": 0.9933333333333333,
        "precision": 0.9878048780487805,
        "recall": 1.0,
        "f1": 0.9938650306748467
      },
      "test": {
        "accuracy": 0.9866666666666667,
        "precision": 0.9753086419753086,
        "recall": 1.0,
        "f1": 0.9875
      }
    },
    {
      "layer": 1,
      "best_C": 100.0,
      "train": {
        "accuracy": 0.9942857142857143,
        "precision": 0.991869918699187,
        "recall": 0.997275204359673,
        "f1": 0.9945652173913043
      },
      "val": {
        "accuracy": 0.9933333333333333,
        "precision": 0.9878048780487805,
        "recall": 1.0,
        "f1": 0.9938650306748467
      },
      "test": {
        "accuracy": 0.9866666666666667,
        "precision": 0.9753086419753086,
        "recall": 1.0,
        "f1": 0.9875
      }
    },
    {
      "layer": 2,
      "best_C": 100.0,
      "train": {
        "accuracy": 0.9942857142857143,
        "precision": 0.991869918699187,
        "recall": 0.997275204359673,
        "f1": 0.9945652173913043
      },
      "val": {
        "accuracy": 0.9933333333333333,
        "precision": 0.9878048780487805,
        "recall": 1.0,
        "f1": 0.9938650306748467
      },
      "test": {
        "accuracy": 0.98,
        "precision": 0.9634146341463414,
        "recall": 1.0,
        "f1": 0.9813664596273292
      }
    },
    {
      "layer": 3,
      "best_C": 100.0,
      "train": {
        "accuracy": 0.9957142857142857,
        "precision": 0.9918918918918919,
        "recall": 1.0,
        "f1": 0.9959294436906377
      },
      "val": {
        "accuracy": 0.9933333333333333,
        "precision": 0.9878048780487805,
        "recall": 1.0,
        "f1": 0.9938650306748467
      },
      "test": {
        "accuracy": 0.9866666666666667,
        "precision": 0.9753086419753086,
        "recall": 1.0,
        "f1": 0.9875
      }
    },
    {
      "layer": 4,
      "best_C": 10.0,
      "train": {
        "accuracy": 0.9928571428571429,
        "precision": 0.9891891891891892,
        "recall": 0.997275204359673,
        "f1": 0.9932157394843962
      },
      "val": {
        "accuracy": 0.9933333333333333,
        "precision": 0.9878048780487805,
        "recall": 1.0,
        "f1": 0.9938650306748467
      },
      "test": {
        "accuracy": 0.9933333333333333,
        "precision": 0.9875,
        "recall": 1.0,
        "f1": 0.9937106918238994
      }
    },
    {
      "layer": 5,
      "best_C": 100.0,
      "train": {
        "accuracy": 0.9957142857142857,
        "precision": 0.9918918918918919,
        "recall": 1.0,
        "f1": 0.9959294436906377
      },
      "val": {
        "accuracy": 0.9933333333333333,
        "precision": 0.9878048780487805,
        "recall": 1.0,
        "f1": 0.9938650306748467
      },
      "test": {
        "accuracy": 0.9933333333333333,
        "precision": 0.9875,
        "recall": 1.0,
        "f1": 0.9937106918238994
      }
    },
    {
      "layer": 6,
      "best_C": 10.0,
      "train": {
        "accuracy": 0.9957142857142857,
        "precision": 0.9918918918918919,
        "recall": 1.0,
        "f1": 0.9959294436906377
      },
      "val": {
        "accuracy": 0.9933333333333333,
        "precision": 0.9878048780487805,
        "recall": 1.0,
        "f1": 0.9938650306748467
      },
      "test": {
        "accuracy": 0.9866666666666667,
        "precision": 0.9753086419753086,
        "recall": 1.0,
        "f1": 0.9875
      }
    },
    {
      "layer": 7,
      "best_C": 10.0,
      "train": {
        "accuracy": 0.9957142857142857,
        "precision": 0.9918918918918919,
        "recall": 1.0,
        "f1": 0.9959294436906377
      },
      "val": {
        "accuracy": 0.9933333333333333,
        "precision": 0.9878048780487805,
        "recall": 1.0,
        "f1": 0.9938650306748467
      },
      "test": {
        "accuracy": 0.9866666666666667,
        "precision": 0.9753086419753086,
        "recall": 1.0,
        "f1": 0.9875
      }
    },
    {
      "layer": 8,
      "best_C": 1.0,
      "train": {
        "accuracy": 0.9957142857142857,
        "precision": 0.9918918918918919,
        "recall": 1.0,
        "f1": 0.9959294436906377
      },
      "val": {
        "accuracy": 0.9933333333333333,
        "precision": 0.9878048780487805,
        "recall": 1.0,
        "f1": 0.9938650306748467
      },
      "test": {
        "accuracy": 0.9866666666666667,
        "precision": 0.9753086419753086,
        "recall": 1.0,
        "f1": 0.9875
      }
    },
    {
      "layer": 9,
      "best_C": 1.0,
      "train": {
        "accuracy": 0.9957142857142857,
        "precision": 0.9918918918918919,
        "recall": 1.0,
        "f1": 0.9959294436906377
      },
      "val": {
        "accuracy": 0.9933333333333333,
        "precision": 0.9878048780487805,
        "recall": 1.0,
        "f1": 0.9938650306748467
      },
      "test": {
        "accuracy": 0.9866666666666667,
        "precision": 0.9753086419753086,
        "recall": 1.0,
        "f1": 0.9875
      }
    },
    {
      "layer": 10,
      "best_C": 0.1,
      "train": {
        "accuracy": 0.9957142857142857,
        "precision": 0.9918918918918919,
        "recall": 1.0,
        "f1": 0.9959294436906377
      },
      "val": {
        "accuracy": 0.9933333333333333,
        "precision": 0.9878048780487805,
        "recall": 1.0,
        "f1": 0.9938650306748467
      },
      "test": {
        "accuracy": 0.9866666666666667,
        "precision": 0.9753086419753086,
        "recall": 1.0,
        "f1": 0.9875
      }
    },
    {
      "layer": 11,
      "best_C": 0.1,
      "train": {
        "accuracy": 0.9957142857142857,
        "precision": 0.9918918918918919,
        "recall": 1.0,
        "f1": 0.9959294436906377
      },
      "val": {
        "accuracy": 0.9933333333333333,
        "precision": 0.9878048780487805,
        "recall": 1.0,
        "f1": 0.9938650306748467
      },
      "test": {
        "accuracy": 0.9866666666666667,
        "precision": 0.9753086419753086,
        "recall": 1.0,
        "f1": 0.9875
      }
    },
    {
      "layer": 12,
      "best_C": 0.1,
      "train": {
        "accuracy": 0.9957142857142857,
        "precision": 0.9918918918918919,
        "recall": 1.0,
        "f1": 0.9959294436906377
      },
      "val": {
        "accuracy": 0.9933333333333333,
        "precision": 0.9878048780487805,
        "recall": 1.0,
        "f1": 0.9938650306748467
      },
      "test": {
        "accuracy": 0.9866666666666667,
        "precision": 0.9753086419753086,
        "recall": 1.0,
        "f1": 0.9875
      }
    },
    {
      "layer": 13,
      "best_C": 0.1,
      "train": {
        "accuracy": 0.9957142857142857,
        "precision": 0.9918918918918919,
        "recall": 1.0,
        "f1": 0.9959294436906377
      },
      "val": {
        "accuracy": 0.9933333333333333,
        "precision": 0.9878048780487805,
        "recall": 1.0,
        "f1": 0.9938650306748467
      },
      "test": {
        "accuracy": 0.9866666666666667,