{
  "model_name": "allenai/Olmo-3-7B-RLZero-Math",
  "n_layers": 32,
  "n_train": 700,
  "n_val": 150,
  "n_test": 150,
  "n_total": 1000,
  "n_correct": 624,
  "n_incorrect": 376,
  "correct_ratio": 62.4,
  "class_weight": "balanced",
  "indices_path": "/Users/antyabharahman/Downloads/Personal/final_research/paper_codebase/-rl-sft-reasoning/experiment_code/layerwise_linear_probe/balanced_outputs/785/olmo3/balanced_indices_Olmo-3-7B-RLZero-Math.json",
  "probe_config": {
    "cv_folds": 5,
    "C_range": [
      0.01,
      0.1,
      1.0,
      10.0,
      100.0
    ],
    "max_iter": 5000,
    "random_state": 42,
    "solver": "lbfgs"
  },
  "layer_results": [
    {
      "layer": 0,
      "best_C": 10.0,
      "train": {
        "accuracy": 0.9314285714285714,
        "precision": 0.9193899782135077,
        "recall": 0.9745958429561201,
        "f1": 0.9461883408071748
      },
      "val": {
        "accuracy": 0.9333333333333333,
        "precision": 0.9387755102040817,
        "recall": 0.9583333333333334,
        "f1": 0.9484536082474226
      },
      "test": {
        "accuracy": 0.9333333333333333,
        "precision": 0.9292929292929293,
        "recall": 0.968421052631579,
        "f1": 0.9484536082474226
      }
    },
    {
      "layer": 1,
      "best_C": 10.0,
      "train": {
        "accuracy": 0.9514285714285714,
        "precision": 0.9463087248322147,
        "recall": 0.976905311778291,
        "f1": 0.9613636363636363
      },
      "val": {
        "accuracy": 0.9266666666666666,
        "precision": 0.9381443298969072,
        "recall": 0.9479166666666666,
        "f1": 0.9430051813471503
      },
      "test": {
        "accuracy": 0.9266666666666666,
        "precision": 0.9468085106382979,
        "recall": 0.9368421052631579,
        "f1": 0.9417989417989417
      }
    },
    {
      "layer": 2,
      "best_C": 100.0,
      "train": {
        "accuracy": 0.9742857142857143,
        "precision": 0.9748283752860412,
        "recall": 0.9838337182448037,
        "f1": 0.9793103448275862
      },
      "val": {
        "accuracy": 0.9133333333333333,
        "precision": 0.9368421052631579,
        "recall": 0.9270833333333334,
        "f1": 0.9319371727748691
      },
      "test": {
        "accuracy": 0.94,
        "precision": 0.9479166666666666,
        "recall": 0.9578947368421052,
        "f1": 0.9528795811518325
      }
    },
    {
      "layer": 3,
      "best_C": 100.0,
      "train": {
        "accuracy": 0.99,
        "precision": 0.9840909090909091,
        "recall": 1.0,
        "f1": 0.9919816723940436
      },
      "val": {
        "accuracy": 0.9133333333333333,
        "precision": 0.946236559139785,
        "recall": 0.9166666666666666,
        "f1": 0.9312169312169312
      },
      "test": {
        "accuracy": 0.94,
        "precision": 0.9387755102040817,
        "recall": 0.968421052631579,
        "f1": 0.9533678756476683
      }
    },
    {
      "layer": 4,
      "best_C": 100.0,
      "train": {
        "accuracy": 0.9885714285714285,
        "precision": 0.9840546697038725,
        "recall": 0.9976905311778291,
        "f1": 0.9908256880733946
      },
      "val": {
        "accuracy": 0.9266666666666666,
        "precision": 0.9381443298969072,
        "recall": 0.9479166666666666,
        "f1": 0.9430051813471503
      },
      "test": {
        "accuracy": 0.94,
        "precision": 0.9479166666666666,
        "recall": 0.9578947368421052,
        "f1": 0.9528795811518325
      }
    },
    {
      "layer": 5,
      "best_C": 10.0,
      "train": {
        "accuracy": 0.9742857142857143,
        "precision": 0.9705215419501134,
        "recall": 0.9884526558891455,
        "f1": 0.9794050343249427
      },
      "val": {
        "accuracy": 0.9333333333333333,
        "precision": 0.9479166666666666,
        "recall": 0.9479166666666666,
        "f1": 0.9479166666666666
      },
      "test": {
        "accuracy": 0.94,
        "precision": 0.9479166666666666,
        "recall": 0.9578947368421052,
        "f1": 0.9528795811518325
      }
    },
    {
      "layer": 6,
      "best_C": 10.0,
      "train": {
        "accuracy": 0.9771428571428571,
        "precision": 0.9727891156462585,
        "recall": 0.9907621247113164,
        "f1": 0.9816933638443935
      },
      "val": {
        "accuracy": 0.9333333333333333,
        "precision": 0.9479166666666666,
        "recall": 0.9479166666666666,
        "f1": 0.9479166666666666
      },
      "test": {
        "accuracy": 0.9533333333333334,
        "precision": 0.9583333333333334,
        "recall": 0.968421052631579,
        "f1": 0.9633507853403142
      }
    },
    {
      "layer": 7,
      "best_C": 10.0,
      "train": {
        "accuracy": 0.9842857142857143,
        "precision": 0.9773755656108597,
        "recall": 0.9976905311778291,
        "f1": 0.9874285714285714
      },
      "val": {
        "accuracy": 0.9333333333333333,
        "precision": 0.9479166666666666,
        "recall": 0.9479166666666666,
        "f1": 0.9479166666666666
      },
      "test": {
        "accuracy": 0.9333333333333333,
        "precision": 0.9381443298969072,
        "recall": 0.9578947368421052,
        "f1": 0.9479166666666666
      }
    },
    {
      "layer": 8,
      "best_C": 1.0,
      "train": {
        "accuracy": 0.9685714285714285,
        "precision": 0.9702517162471396,
        "recall": 0.9792147806004619,
        "f1": 0.9747126436781609
      },
      "val": {
        "accuracy": 0.9333333333333333,
        "precision": 0.9479166666666666,
        "recall": 0.9479166666666666,
        "f1": 0.9479166666666666
      },
      "test": {
        "accuracy": 0.9333333333333333,
        "precision": 0.9381443298969072,
        "recall": 0.9578947368421052,
        "f1": 0.9479166666666666
      }
    },
    {
      "layer": 9,
      "best_C": 1.0,
      "train": {
        "accuracy": 0.9714285714285714,
        "precision": 0.9703872437357631,
        "recall": 0.9838337182448037,
        "f1": 0.9770642201834863
      },
      "val": {
        "accuracy": 0.9333333333333333,
        "precision": 0.9479166666666666,
        "recall": 0.9479166666666666,
        "f1": 0.9479166666666666
      },
      "test": {
        "accuracy": 0.9333333333333333,
        "precision": 0.9381443298969072,
        "recall": 0.9578947368421052,
        "f1": 0.9479166666666666
      }
    },
    {
      "layer": 10,
      "best_C": 1.0,
      "train": {
        "accuracy": 0.9771428571428571,
        "precision": 0.9727891156462585,
        "recall": 0.9907621247113164,
        "f1": 0.9816933638443935
      },
      "val": {
        "accuracy": 0.9466666666666667,
        "precision": 0.9583333333333334,
        "recall": 0.9583333333333334,
        "f1": 0.9583333333333334
      },
      "test": {
        "accuracy": 0.94,
        "precision": 0.9387755102040817,
        "recall": 0.968421052631579,
        "f1": 0.9533678756476683
      }
    },
    {
      "layer": 11,
      "best_C": 1.0,
      "train": {
        "accuracy": 0.9785714285714285,
        "precision": 0.975,
        "recall": 0.9907621247113164,
        "f1": 0.9828178694158075
      },
      "val": {
        "accuracy": 0.9533333333333334,
        "precision": 0.968421052631579,
        "recall": 0.9583333333333334,
        "f1": 0.9633507853403142
      },
      "test": {
        "accuracy": 0.9333333333333333,
        "precision": 0.9292929292929293,
        "recall": 0.968421052631579,
        "f1": 0.9484536082474226
      }
    },
    {
      "layer": 12,
      "best_C": 0.1,
      "train": {
        "accuracy": 0.9642857142857143,
        "precision": 0.9678899082568807,
        "recall": 0.9745958429561201,
        "f1": 0.9712313003452244
      },
      "val": {
        "accuracy": 0.9466666666666667,
        "precision": 0.9583333333333334,
        "recall": 0.9583333333333334,
        "f1": 0.9583333333333334
      },