{
  "model_name": "allenai/Olmo-3-1025-7B",
  "n_layers": 32,
  "n_train": 103,
  "n_val": 22,
  "n_test": 23,
  "n_balanced_total": 148,
  "n_balanced_correct": 51,
  "n_balanced_incorrect": 97,
  "balanced_indices_path": "/Users/antyabharahman/Downloads/Personal/final_research/paper_codebase/-rl-sft-reasoning/experiment_code/layerwise_linear_probe/balanced_outputs/785/olmo3/balanced_indices_Olmo-3-1025-7B.json",
  "probe_config": {
    "cv_folds": 5,
    "C_range": [
      0.01,
      0.1,
      1.0,
      10.0,
      100.0
    ],
    "max_iter": 5000,
    "random_state": 42,
    "solver": "lbfgs"
  },
  "layer_results": [
    {
      "layer": 0,
      "best_C": 100.0,
      "train": {
        "accuracy": 0.8737864077669902,
        "precision": 0.7674418604651163,
        "recall": 0.9166666666666666,
        "f1": 0.8354430379746836
      },
      "val": {
        "accuracy": 0.7727272727272727,
        "precision": 0.6,
        "recall": 0.8571428571428571,
        "f1": 0.7058823529411765
      },
      "test": {
        "accuracy": 0.6956521739130435,
        "precision": 0.5454545454545454,
        "recall": 0.75,
        "f1": 0.631578947368421
      }
    },
    {
      "layer": 1,
      "best_C": 100.0,
      "train": {
        "accuracy": 0.941747572815534,
        "precision": 0.8571428571428571,
        "recall": 1.0,
        "f1": 0.9230769230769231
      },
      "val": {
        "accuracy": 0.7727272727272727,
        "precision": 0.625,
        "recall": 0.7142857142857143,
        "f1": 0.6666666666666666
      },
      "test": {
        "accuracy": 0.782608695652174,
        "precision": 0.6666666666666666,
        "recall": 0.75,
        "f1": 0.7058823529411765
      }
    },
    {
      "layer": 2,
      "best_C": 100.0,
      "train": {
        "accuracy": 0.9805825242718447,
        "precision": 0.9473684210526315,
        "recall": 1.0,
        "f1": 0.972972972972973
      },
      "val": {
        "accuracy": 0.8181818181818182,
        "precision": 0.6666666666666666,
        "recall": 0.8571428571428571,
        "f1": 0.75
      },
      "test": {
        "accuracy": 0.782608695652174,
        "precision": 0.6666666666666666,
        "recall": 0.75,
        "f1": 0.7058823529411765
      }
    },
    {
      "layer": 3,
      "best_C": 100.0,
      "train": {
        "accuracy": 1.0,
        "precision": 1.0,
        "recall": 1.0,
        "f1": 1.0
      },
      "val": {
        "accuracy": 0.8181818181818182,
        "precision": 0.6666666666666666,
        "recall": 0.8571428571428571,
        "f1": 0.75
      },
      "test": {
        "accuracy": 0.782608695652174,
        "precision": 0.7142857142857143,
        "recall": 0.625,
        "f1": 0.6666666666666666
      }
    },
    {
      "layer": 4,
      "best_C": 10.0,
      "train": {
        "accuracy": 0.9320388349514563,
        "precision": 0.8536585365853658,
        "recall": 0.9722222222222222,
        "f1": 0.9090909090909091
      },
      "val": {
        "accuracy": 0.8181818181818182,
        "precision": 0.6666666666666666,
        "recall": 0.8571428571428571,
        "f1": 0.75
      },
      "test": {
        "accuracy": 0.7391304347826086,
        "precision": 0.6666666666666666,
        "recall": 0.5,
        "f1": 0.5714285714285714
      }
    },
    {
      "layer": 5,
      "best_C": 100.0,
      "train": {
        "accuracy": 1.0,
        "precision": 1.0,
        "recall": 1.0,
        "f1": 1.0
      },
      "val": {
        "accuracy": 0.7727272727272727,
        "precision": 0.625,
        "recall": 0.7142857142857143,
        "f1": 0.6666666666666666
      },
      "test": {
        "accuracy": 0.6521739130434783,
        "precision": 0.5,
        "recall": 0.375,
        "f1": 0.42857142857142855
      }
    },
    {
      "layer": 6,
      "best_C": 10.0,
      "train": {
        "accuracy": 0.9805825242718447,
        "precision": 0.9473684210526315,
        "recall": 1.0,
        "f1": 0.972972972972973
      },
      "val": {
        "accuracy": 0.8181818181818182,
        "precision": 0.6666666666666666,
        "recall": 0.8571428571428571,
        "f1": 0.75
      },
      "test": {
        "accuracy": 0.7391304347826086,
        "precision": 0.6666666666666666,
        "recall": 0.5,
        "f1": 0.5714285714285714
      }
    },
    {
      "layer": 7,
      "best_C": 100.0,
      "train": {
        "accuracy": 1.0,
        "precision": 1.0,
        "recall": 1.0,
        "f1": 1.0
      },
      "val": {
        "accuracy": 0.9090909090909091,
        "precision": 0.7777777777777778,
        "recall": 1.0,
        "f1": 0.875
      },
      "test": {
        "accuracy": 0.7391304347826086,
        "precision": 0.6666666666666666,
        "recall": 0.5,
        "f1": 0.5714285714285714
      }
    },
    {
      "layer": 8,
      "best_C": 10.0,
      "train": {
        "accuracy": 1.0,
        "precision": 1.0,
        "recall": 1.0,
        "f1": 1.0
      },
      "val": {
        "accuracy": 0.8181818181818182,
        "precision": 0.6666666666666666,
        "recall": 0.8571428571428571,
        "f1": 0.75
      },
      "test": {
        "accuracy": 0.7391304347826086,
        "precision": 0.6666666666666666,
        "recall": 0.5,
        "f1": 0.5714285714285714
      }
    },
    {
      "layer": 9,
      "best_C": 10.0,
      "train": {
        "accuracy": 1.0,
        "precision": 1.0,
        "recall": 1.0,
        "f1": 1.0
      },
      "val": {
        "accuracy": 0.8636363636363636,
        "precision": 0.75,
        "recall": 0.8571428571428571,
        "f1": 0.8
      },
      "test": {
        "accuracy": 0.7391304347826086,
        "precision": 0.6666666666666666,
        "recall": 0.5,
        "f1": 0.5714285714285714
      }
    },
    {
      "layer": 10,
      "best_C": 1.0,
      "train": {
        "accuracy": 0.9805825242718447,
        "precision": 0.9473684210526315,
        "recall": 1.0,
        "f1": 0.972972972972973
      },
      "val": {
        "accuracy": 0.7272727272727273,
        "precision": 0.5454545454545454,
        "recall": 0.8571428571428571,
        "f1": 0.6666666666666666
      },
      "test": {
        "accuracy": 0.7391304347826086,
        "precision": 0.6666666666666666,
        "recall": 0.5,
        "f1": 0.5714285714285714
      }
    },
    {
      "layer": 11,
      "best_C": 1.0,
      "train": {
        "accuracy": 0.9902912621359223,
        "precision": 0.972972972972973,
        "recall": 1.0,
        "f1": 0.9863013698630136
      },
      "val": {
        "accuracy": 0.6818181818181818,
        "precision": 0.5,
        "recall": 0.7142857142857143,
        "f1": 0.5882352941176471
      },
      "test": {
        "accuracy": 0.7391304347826086,
        "precision": 0.6666666666666666,
        "recall": 0.5,
        "f1": 0.5714285714285714
      }
    },
    {
      "layer": 12,
      "best_C": 10.0,
      "train": {
        "accuracy": 1.0,
        "precision": 1.0,
        "recall": 1.0,
        "f1": 1.0
      },
      "val": {
        "accuracy": 0.8636363636363636,
        "precision": 0.75,
        "recall": 0.8571428571428571,
        "f1": 0.8
      },
      "test": {
        "accuracy": 0.7391304347826086,
        "precision": 0.6666666666666666,
        "recall": 0.5,
        "f1": 0.5714285714285714
      }
    },
    {
      "layer": 13,
      "best_C": 10.0,
      "train": {
        "accuracy": 1.0,
        "precision": 1.0,
        "recall": 1.0,
        "f1": 1.0
      },
      "val": {
        "accuracy": 0.8636363636363636,
        "precision": 0.75,
        "recall": 0.8571428571428571,
        "f1": 0.8
      },
      "test": {
        "accuracy": 0.7391304347826086,
        "precision": 0.6666666666666666,
        "recall": 0.5,
        "f1": 0.5714285714285714
      }
    },
    {
      "layer": 14,
      "best_C": 100.0,
      "train": {
        "accuracy": 1.0,
        "precision": 1.0,
        "recall": 1.0,