{
  "model_name": "allenai/Olmo-3-7B-Think-SFT",
  "n_layers": 32,
  "n_train": 184,
  "n_val": 39,
  "n_test": 40,
  "n_balanced_total": 263,
  "n_balanced_correct": 212,
  "n_balanced_incorrect": 51,
  "balanced_indices_path": "/Users/antyabharahman/Downloads/Personal/final_research/paper_codebase/-rl-sft-reasoning/experiment_code/layerwise_linear_probe/balanced_outputs/785/olmo3/balanced_indices_Olmo-3-7B-Think-SFT.json",
  "probe_config": {
    "cv_folds": 5,
    "C_range": [
      0.01,
      0.1,
      1.0,
      10.0,
      100.0
    ],
    "max_iter": 5000,
    "random_state": 42,
    "solver": "lbfgs"
  },
  "layer_results": [
    {
      "layer": 0,
      "best_C": 100.0,
      "train": {
        "accuracy": 0.9836956521739131,
        "precision": 1.0,
        "recall": 0.9797297297297297,
        "f1": 0.9897610921501706
      },
      "val": {
        "accuracy": 0.9487179487179487,
        "precision": 0.967741935483871,
        "recall": 0.967741935483871,
        "f1": 0.967741935483871
      },
      "test": {
        "accuracy": 0.95,
        "precision": 0.9696969696969697,
        "recall": 0.9696969696969697,
        "f1": 0.9696969696969697
      }
    },
    {
      "layer": 1,
      "best_C": 100.0,
      "train": {
        "accuracy": 1.0,
        "precision": 1.0,
        "recall": 1.0,
        "f1": 1.0
      },
      "val": {
        "accuracy": 1.0,
        "precision": 1.0,
        "recall": 1.0,
        "f1": 1.0
      },
      "test": {
        "accuracy": 0.95,
        "precision": 0.9696969696969697,
        "recall": 0.9696969696969697,
        "f1": 0.9696969696969697
      }
    },
    {
      "layer": 2,
      "best_C": 100.0,
      "train": {
        "accuracy": 1.0,
        "precision": 1.0,
        "recall": 1.0,
        "f1": 1.0
      },
      "val": {
        "accuracy": 1.0,
        "precision": 1.0,
        "recall": 1.0,
        "f1": 1.0
      },
      "test": {
        "accuracy": 0.975,
        "precision": 0.9705882352941176,
        "recall": 1.0,
        "f1": 0.9850746268656716
      }
    },
    {
      "layer": 3,
      "best_C": 100.0,
      "train": {
        "accuracy": 1.0,
        "precision": 1.0,
        "recall": 1.0,
        "f1": 1.0
      },
      "val": {
        "accuracy": 1.0,
        "precision": 1.0,
        "recall": 1.0,
        "f1": 1.0
      },
      "test": {
        "accuracy": 0.975,
        "precision": 0.9705882352941176,
        "recall": 1.0,
        "f1": 0.9850746268656716
      }
    },
    {
      "layer": 4,
      "best_C": 10.0,
      "train": {
        "accuracy": 1.0,
        "precision": 1.0,
        "recall": 1.0,
        "f1": 1.0
      },
      "val": {
        "accuracy": 1.0,
        "precision": 1.0,
        "recall": 1.0,
        "f1": 1.0
      },
      "test": {
        "accuracy": 0.975,
        "precision": 0.9705882352941176,
        "recall": 1.0,
        "f1": 0.9850746268656716
      }
    },
    {
      "layer": 5,
      "best_C": 100.0,
      "train": {
        "accuracy": 1.0,
        "precision": 1.0,
        "recall": 1.0,
        "f1": 1.0
      },
      "val": {
        "accuracy": 1.0,
        "precision": 1.0,
        "recall": 1.0,
        "f1": 1.0
      },
      "test": {
        "accuracy": 0.975,
        "precision": 0.9705882352941176,
        "recall": 1.0,
        "f1": 0.9850746268656716
      }
    },
    {
      "layer": 6,
      "best_C": 100.0,
      "train": {
        "accuracy": 1.0,
        "precision": 1.0,
        "recall": 1.0,
        "f1": 1.0
      },
      "val": {
        "accuracy": 1.0,
        "precision": 1.0,
        "recall": 1.0,
        "f1": 1.0
      },
      "test": {
        "accuracy": 0.975,
        "precision": 0.9705882352941176,
        "recall": 1.0,
        "f1": 0.9850746268656716
      }
    },
    {
      "layer": 7,
      "best_C": 10.0,
      "train": {
        "accuracy": 1.0,
        "precision": 1.0,
        "recall": 1.0,
        "f1": 1.0
      },
      "val": {
        "accuracy": 1.0,
        "precision": 1.0,
        "recall": 1.0,
        "f1": 1.0
      },
      "test": {
        "accuracy": 0.975,
        "precision": 0.9705882352941176,
        "recall": 1.0,
        "f1": 0.9850746268656716
      }
    },
    {
      "layer": 8,
      "best_C": 1.0,
      "train": {
        "accuracy": 1.0,
        "precision": 1.0,
        "recall": 1.0,
        "f1": 1.0
      },
      "val": {
        "accuracy": 1.0,
        "precision": 1.0,
        "recall": 1.0,
        "f1": 1.0
      },
      "test": {
        "accuracy": 0.975,
        "precision": 0.9705882352941176,
        "recall": 1.0,
        "f1": 0.9850746268656716
      }
    },
    {
      "layer": 9,
      "best_C": 1.0,
      "train": {
        "accuracy": 1.0,
        "precision": 1.0,
        "recall": 1.0,
        "f1": 1.0
      },
      "val": {
        "accuracy": 1.0,
        "precision": 1.0,
        "recall": 1.0,
        "f1": 1.0
      },
      "test": {
        "accuracy": 0.975,
        "precision": 0.9705882352941176,
        "recall": 1.0,
        "f1": 0.9850746268656716
      }
    },
    {
      "layer": 10,
      "best_C": 1.0,
      "train": {
        "accuracy": 1.0,
        "precision": 1.0,
        "recall": 1.0,
        "f1": 1.0
      },
      "val": {
        "accuracy": 1.0,
        "precision": 1.0,
        "recall": 1.0,
        "f1": 1.0
      },
      "test": {
        "accuracy": 0.975,
        "precision": 0.9705882352941176,
        "recall": 1.0,
        "f1": 0.9850746268656716
      }
    },
    {
      "layer": 11,
      "best_C": 1.0,
      "train": {
        "accuracy": 1.0,
        "precision": 1.0,
        "recall": 1.0,
        "f1": 1.0
      },
      "val": {
        "accuracy": 1.0,
        "precision": 1.0,
        "recall": 1.0,
        "f1": 1.0
      },
      "test": {
        "accuracy": 0.975,
        "precision": 0.9705882352941176,
        "recall": 1.0,
        "f1": 0.9850746268656716
      }
    },
    {
      "layer": 12,
      "best_C": 1.0,
      "train": {
        "accuracy": 1.0,
        "precision": 1.0,
        "recall": 1.0,
        "f1": 1.0
      },
      "val": {
        "accuracy": 1.0,
        "precision": 1.0,
        "recall": 1.0,
        "f1": 1.0
      },
      "test": {
        "accuracy": 0.975,
        "precision": 0.9705882352941176,
        "recall": 1.0,
        "f1": 0.9850746268656716
      }
    },
    {
      "layer": 13,
      "best_C": 1.0,
      "train": {
        "accuracy": 1.0,
        "precision": 1.0,
        "recall": 1.0,
        "f1": 1.0
      },
      "val": {
        "accuracy": 1.0,
        "precision": 1.0,
        "recall": 1.0,
        "f1": 1.0
      },
      "test": {
        "accuracy": 0.975,
        "precision": 0.9705882352941176,
        "recall": 1.0,
        "f1": 0.9850746268656716
      }
    },
    {
      "layer": 14,
      "best_C": 0.1,
      "train": {
        "accuracy": 1.0,
        "precision": 1.0,
        "recall": 1.0,
        "f1": 1.0
      },
      "val": {
        "accuracy": 1.0,
        "precision": 1.0,
        "recall": 1.0,
        "f1": 1.0
      },
      "test": {
        "accuracy": 0.975,
        "precision": 0.9705882352941176,
        "recall": 1.0,
        "f1": 0.9850746268656716
      }
    },
    {
      "layer": 15,
      "best_C": 0.1,
      "train": {
        "accuracy": 1.0,
        "precision": 1.0,
        "recall": 1.0,
        "f1": 1.0
      },
      "val": {
        "accuracy": 1.0,
        "precision": 1.0,
        "recall": 1.0,
        "f1": 1.0
      },
      "test": {
        "accuracy": 0.975,
        "precision": 0.9705882352941176,
        "recall": 1.0,
        "f1": 0.9850746268656716
      }
    },
    {
      "layer": 16,
      "best_C": 0.1,
      "train": {
        "accuracy": 1.0,
        "precision": 1.0,
        "recall": 1.0,
        "f1": 1.0
      },
      "val": {
        "accuracy": 1.0,
        "precision": 1.0,
        "recall": 1.0,