{
  "model_name": "allenai/Olmo-3-7B-Instruct",
  "n_layers": 32,
  "n_train": 700,
  "n_val": 150,
  "n_test": 150,
  "n_total": 1000,
  "n_correct": 949,
  "n_incorrect": 51,
  "correct_ratio": 94.9,
  "class_weight": "balanced",
  "indices_path": "/Users/antyabharahman/Downloads/Personal/final_research/paper_codebase/-rl-sft-reasoning/experiment_code/layerwise_linear_probe/balanced_outputs/785/olmo3/balanced_indices_Olmo-3-7B-Instruct.json",
  "probe_config": {
    "cv_folds": 5,
    "C_range": [
      0.01,
      0.1,
      1.0,
      10.0,
      100.0
    ],
    "max_iter": 5000,
    "random_state": 42,
    "solver": "lbfgs"
  },
  "layer_results": [
    {
      "layer": 0,
      "best_C": 100.0,
      "train": {
        "accuracy": 0.8371428571428572,
        "precision": 0.9964028776978417,
        "recall": 0.8318318318318318,
        "f1": 0.9067103109656302
      },
      "val": {
        "accuracy": 0.74,
        "precision": 0.9230769230769231,
        "recall": 0.782608695652174,
        "f1": 0.8470588235294118
      },
      "test": {
        "accuracy": 0.7733333333333333,
        "precision": 0.9663865546218487,
        "recall": 0.7931034482758621,
        "f1": 0.8712121212121212
      }
    },
    {
      "layer": 1,
      "best_C": 100.0,
      "train": {
        "accuracy": 0.9,
        "precision": 0.9983277591973244,
        "recall": 0.8963963963963963,
        "f1": 0.944620253164557
      },
      "val": {
        "accuracy": 0.8466666666666667,
        "precision": 0.9259259259259259,
        "recall": 0.9057971014492754,
        "f1": 0.9157509157509157
      },
      "test": {
        "accuracy": 0.84,
        "precision": 0.9689922480620154,
        "recall": 0.8620689655172413,
        "f1": 0.9124087591240876
      }
    },
    {
      "layer": 2,
      "best_C": 100.0,
      "train": {
        "accuracy": 0.9371428571428572,
        "precision": 1.0,
        "recall": 0.933933933933934,
        "f1": 0.9658385093167702
      },
      "val": {
        "accuracy": 0.8533333333333334,
        "precision": 0.9264705882352942,
        "recall": 0.9130434782608695,
        "f1": 0.9197080291970803
      },
      "test": {
        "accuracy": 0.88,
        "precision": 0.9703703703703703,
        "recall": 0.903448275862069,
        "f1": 0.9357142857142857
      }
    },
    {
      "layer": 3,
      "best_C": 100.0,
      "train": {
        "accuracy": 0.9728571428571429,
        "precision": 1.0,
        "recall": 0.9714714714714715,
        "f1": 0.9855293221629855
      },
      "val": {
        "accuracy": 0.88,
        "precision": 0.9225352112676056,
        "recall": 0.9492753623188406,
        "f1": 0.9357142857142857
      },
      "test": {
        "accuracy": 0.9266666666666666,
        "precision": 0.971830985915493,
        "recall": 0.9517241379310345,
        "f1": 0.9616724738675958
      }
    },
    {
      "layer": 4,
      "best_C": 100.0,
      "train": {
        "accuracy": 0.9857142857142858,
        "precision": 1.0,
        "recall": 0.984984984984985,
        "f1": 0.9924357034795764
      },
      "val": {
        "accuracy": 0.9,
        "precision": 0.9300699300699301,
        "recall": 0.9637681159420289,
        "f1": 0.9466192170818505
      },
      "test": {
        "accuracy": 0.9466666666666667,
        "precision": 0.9724137931034482,
        "recall": 0.9724137931034482,
        "f1": 0.9724137931034482
      }
    },
    {
      "layer": 5,
      "best_C": 100.0,
      "train": {
        "accuracy": 0.9928571428571429,
        "precision": 1.0,
        "recall": 0.9924924924924925,
        "f1": 0.9962321024868124
      },
      "val": {
        "accuracy": 0.8866666666666667,
        "precision": 0.9230769230769231,
        "recall": 0.9565217391304348,
        "f1": 0.9395017793594306
      },
      "test": {
        "accuracy": 0.9533333333333334,
        "precision": 0.9726027397260274,
        "recall": 0.9793103448275862,
        "f1": 0.9759450171821306
      }
    },
    {
      "layer": 6,
      "best_C": 100.0,
      "train": {
        "accuracy": 0.9971428571428571,
        "precision": 1.0,
        "recall": 0.996996996996997,
        "f1": 0.9984962406015038
      },
      "val": {
        "accuracy": 0.9266666666666666,
        "precision": 0.9379310344827586,
        "recall": 0.9855072463768116,
        "f1": 0.9611307420494699
      },
      "test": {
        "accuracy": 0.96,
        "precision": 0.9793103448275862,
        "recall": 0.9793103448275862,
        "f1": 0.9793103448275862
      }
    },
    {
      "layer": 7,
      "best_C": 100.0,
      "train": {
        "accuracy": 1.0,
        "precision": 1.0,
        "recall": 1.0,
        "f1": 1.0
      },
      "val": {
        "accuracy": 0.9266666666666666,
        "precision": 0.9440559440559441,
        "recall": 0.9782608695652174,
        "f1": 0.9608540925266904
      },
      "test": {
        "accuracy": 0.94,
        "precision": 0.9722222222222222,
        "recall": 0.9655172413793104,
        "f1": 0.9688581314878892
      }
    },
    {
      "layer": 8,
      "best_C": 100.0,
      "train": {
        "accuracy": 1.0,
        "precision": 1.0,
        "recall": 1.0,
        "f1": 1.0
      },
      "val": {
        "accuracy": 0.9266666666666666,
        "precision": 0.9440559440559441,
        "recall": 0.9782608695652174,
        "f1": 0.9608540925266904
      },
      "test": {
        "accuracy": 0.96,
        "precision": 0.9727891156462585,
        "recall": 0.9862068965517241,
        "f1": 0.9794520547945206
      }
    },
    {
      "layer": 9,
      "best_C": 100.0,
      "train": {
        "accuracy": 1.0,
        "precision": 1.0,
        "recall": 1.0,
        "f1": 1.0
      },
      "val": {
        "accuracy": 0.92,
        "precision": 0.9436619718309859,
        "recall": 0.9710144927536232,
        "f1": 0.9571428571428572
      },
      "test": {
        "accuracy": 0.96,
        "precision": 0.9727891156462585,
        "recall": 0.9862068965517241,
        "f1": 0.9794520547945206
      }
    },
    {
      "layer": 10,
      "best_C": 100.0,
      "train": {
        "accuracy": 1.0,
        "precision": 1.0,
        "recall": 1.0,
        "f1": 1.0
      },
      "val": {
        "accuracy": 0.9333333333333333,
        "precision": 0.9571428571428572,
        "recall": 0.9710144927536232,
        "f1": 0.9640287769784173
      },
      "test": {
        "accuracy": 0.9733333333333334,
        "precision": 0.9795918367346939,
        "recall": 0.993103448275862,
        "f1": 0.9863013698630136
      }
    },
    {
      "layer": 11,
      "best_C": 100.0,
      "train": {
        "accuracy": 1.0,
        "precision": 1.0,
        "recall": 1.0,
        "f1": 1.0
      },
      "val": {
        "accuracy": 0.9466666666666667,
        "precision": 0.9513888888888888,
        "recall": 0.9927536231884058,
        "f1": 0.9716312056737588
      },
      "test": {
        "accuracy": 0.98,
        "precision": 0.9797297297297297,
        "recall": 1.0,
        "f1": 0.9897610921501706
      }
    },
    {
      "layer": 12,
      "best_C": 100.0,
      "train": {
        "accuracy": 1.0,
        "precision": 1.0,
        "recall": 1.0,
        "f1": 1.0
      },
      "val": {
        "accuracy": 0.94,
        "precision": 0.951048951048951,
        "recall": 0.9855072463768116,
        "f1": 0.9679715302491103
      },
      "test": {
        "accuracy": 0.9866666666666667,
        "precision": 0.9863945578231292,
        "recall": 1.0,
        "f1": 0.9931506849315068
      }
    },
    {
      "layer": 13,
      "best_C": 100.0,
      "train": {
        "accuracy": 1.0,
        "precision": 1.0,
        "recall": 1.0,
        "f1": 1.0
      },
      "val": {
        "accuracy": 0.9533333333333334,
        "precision": 0.9517241379310345,
        "recall": 1.0,
        "f1": 0.9752650176678446
      },
      "test": {
        "accuracy": 0.98,