{
  "model_name": "allenai/Olmo-3-7B-Think-DPO",
  "n_layers": 32,
  "n_train": 700,
  "n_val": 150,
  "n_test": 150,
  "n_total": 1000,
  "n_correct": 351,
  "n_incorrect": 649,
  "correct_ratio": 35.1,
  "class_weight": "balanced",
  "indices_path": "/Users/antyabharahman/Downloads/Personal/final_research/paper_codebase/-rl-sft-reasoning/experiment_code/layerwise_linear_probe/balanced_outputs/785/olmo3/balanced_indices_Olmo-3-7B-Think-DPO.json",
  "probe_config": {
    "cv_folds": 5,
    "C_range": [
      0.01,
      0.1,
      1.0,
      10.0,
      100.0
    ],
    "max_iter": 5000,
    "random_state": 42,
    "solver": "lbfgs"
  },
  "layer_results": [
    {
      "layer": 0,
      "best_C": 100.0,
      "train": {
        "accuracy": 0.9914285714285714,
        "precision": 0.9789915966386554,
        "recall": 0.9957264957264957,
        "f1": 0.9872881355932204
      },
      "val": {
        "accuracy": 0.9933333333333333,
        "precision": 0.9836065573770492,
        "recall": 1.0,
        "f1": 0.9917355371900827
      },
      "test": {
        "accuracy": 0.9866666666666667,
        "precision": 0.9661016949152542,
        "recall": 1.0,
        "f1": 0.9827586206896551
      }
    },
    {
      "layer": 1,
      "best_C": 100.0,
      "train": {
        "accuracy": 0.9957142857142857,
        "precision": 0.9873417721518988,
        "recall": 1.0,
        "f1": 0.9936305732484076
      },
      "val": {
        "accuracy": 0.9933333333333333,
        "precision": 0.9836065573770492,
        "recall": 1.0,
        "f1": 0.9917355371900827
      },
      "test": {
        "accuracy": 0.9866666666666667,
        "precision": 0.9661016949152542,
        "recall": 1.0,
        "f1": 0.9827586206896551
      }
    },
    {
      "layer": 2,
      "best_C": 100.0,
      "train": {
        "accuracy": 0.9942857142857143,
        "precision": 0.9872881355932204,
        "recall": 0.9957264957264957,
        "f1": 0.9914893617021276
      },
      "val": {
        "accuracy": 0.9933333333333333,
        "precision": 0.9836065573770492,
        "recall": 1.0,
        "f1": 0.9917355371900827
      },
      "test": {
        "accuracy": 0.9866666666666667,
        "precision": 0.9661016949152542,
        "recall": 1.0,
        "f1": 0.9827586206896551
      }
    },
    {
      "layer": 3,
      "best_C": 100.0,
      "train": {
        "accuracy": 0.9957142857142857,
        "precision": 0.9873417721518988,
        "recall": 1.0,
        "f1": 0.9936305732484076
      },
      "val": {
        "accuracy": 1.0,
        "precision": 1.0,
        "recall": 1.0,
        "f1": 1.0
      },
      "test": {
        "accuracy": 0.9866666666666667,
        "precision": 0.9661016949152542,
        "recall": 1.0,
        "f1": 0.9827586206896551
      }
    },
    {
      "layer": 4,
      "best_C": 100.0,
      "train": {
        "accuracy": 0.9957142857142857,
        "precision": 0.9873417721518988,
        "recall": 1.0,
        "f1": 0.9936305732484076
      },
      "val": {
        "accuracy": 1.0,
        "precision": 1.0,
        "recall": 1.0,
        "f1": 1.0
      },
      "test": {
        "accuracy": 0.9866666666666667,
        "precision": 0.9661016949152542,
        "recall": 1.0,
        "f1": 0.9827586206896551
      }
    },
    {
      "layer": 5,
      "best_C": 10.0,
      "train": {
        "accuracy": 0.9942857142857143,
        "precision": 0.9872881355932204,
        "recall": 0.9957264957264957,
        "f1": 0.9914893617021276
      },
      "val": {
        "accuracy": 1.0,
        "precision": 1.0,
        "recall": 1.0,
        "f1": 1.0
      },
      "test": {
        "accuracy": 0.9866666666666667,
        "precision": 0.9661016949152542,
        "recall": 1.0,
        "f1": 0.9827586206896551
      }
    },
    {
      "layer": 6,
      "best_C": 10.0,
      "train": {
        "accuracy": 0.9942857142857143,
        "precision": 0.9872881355932204,
        "recall": 0.9957264957264957,
        "f1": 0.9914893617021276
      },
      "val": {
        "accuracy": 1.0,
        "precision": 1.0,
        "recall": 1.0,
        "f1": 1.0
      },
      "test": {
        "accuracy": 0.9866666666666667,
        "precision": 0.9661016949152542,
        "recall": 1.0,
        "f1": 0.9827586206896551
      }
    },
    {
      "layer": 7,
      "best_C": 10.0,
      "train": {
        "accuracy": 0.9957142857142857,
        "precision": 0.9873417721518988,
        "recall": 1.0,
        "f1": 0.9936305732484076
      },
      "val": {
        "accuracy": 1.0,
        "precision": 1.0,
        "recall": 1.0,
        "f1": 1.0
      },
      "test": {
        "accuracy": 0.9866666666666667,
        "precision": 0.9661016949152542,
        "recall": 1.0,
        "f1": 0.9827586206896551
      }
    },
    {
      "layer": 8,
      "best_C": 100.0,
      "train": {
        "accuracy": 1.0,
        "precision": 1.0,
        "recall": 1.0,
        "f1": 1.0
      },
      "val": {
        "accuracy": 1.0,
        "precision": 1.0,
        "recall": 1.0,
        "f1": 1.0
      },
      "test": {
        "accuracy": 0.9866666666666667,
        "precision": 0.9661016949152542,
        "recall": 1.0,
        "f1": 0.9827586206896551
      }
    },
    {
      "layer": 9,
      "best_C": 100.0,
      "train": {
        "accuracy": 0.9971428571428571,
        "precision": 0.9915254237288136,
        "recall": 1.0,
        "f1": 0.9957446808510638
      },
      "val": {
        "accuracy": 1.0,
        "precision": 1.0,
        "recall": 1.0,
        "f1": 1.0
      },
      "test": {
        "accuracy": 0.9866666666666667,
        "precision": 0.9661016949152542,
        "recall": 1.0,
        "f1": 0.9827586206896551
      }
    },
    {
      "layer": 10,
      "best_C": 10.0,
      "train": {
        "accuracy": 0.9957142857142857,
        "precision": 0.9873417721518988,
        "recall": 1.0,
        "f1": 0.9936305732484076
      },
      "val": {
        "accuracy": 1.0,
        "precision": 1.0,
        "recall": 1.0,
        "f1": 1.0
      },
      "test": {
        "accuracy": 0.9866666666666667,
        "precision": 0.9661016949152542,
        "recall": 1.0,
        "f1": 0.9827586206896551
      }
    },
    {
      "layer": 11,
      "best_C": 0.1,
      "train": {
        "accuracy": 0.9957142857142857,
        "precision": 0.9873417721518988,
        "recall": 1.0,
        "f1": 0.9936305732484076
      },
      "val": {
        "accuracy": 0.9933333333333333,
        "precision": 1.0,
        "recall": 0.9833333333333333,
        "f1": 0.9915966386554622
      },
      "test": {
        "accuracy": 0.9866666666666667,
        "precision": 0.9661016949152542,
        "recall": 1.0,
        "f1": 0.9827586206896551
      }
    },
    {
      "layer": 12,
      "best_C": 0.1,
      "train": {
        "accuracy": 0.9957142857142857,
        "precision": 0.9873417721518988,
        "recall": 1.0,
        "f1": 0.9936305732484076
      },
      "val": {
        "accuracy": 1.0,
        "precision": 1.0,
        "recall": 1.0,
        "f1": 1.0
      },
      "test": {
        "accuracy": 0.9866666666666667,
        "precision": 0.9661016949152542,
        "recall": 1.0,
        "f1": 0.9827586206896551
      }
    },
    {
      "layer": 13,
      "best_C": 0.1,
      "train": {
        "accuracy": 0.9957142857142857,
        "precision": 0.9873417721518988,
        "recall": 1.0,
        "f1": 0.9936305732484076
      },
      "val": {
        "accuracy": 1.0,
        "precision": 1.0,
        "recall": 1.0,
        "f1": 1.0
      },
      "test": {
        "accuracy": 0.9866666666666667,
        "precision": 0.9661016949152542,
        "recall": 1.0,
        "f1": 0.9827586206896551
      }
    },
    {
      "layer": 14,
      "best_C": 0.1,
      "train": {
        "accuracy": 0.9957142857142857,
        "precision": 0.9873417721518988,
        "recall": 1.0,
        "f1": 0.9936305732484076
      },