{
  "model_name": "deepseek-ai/deepseek-math-7b-instruct",
  "n_layers": 30,
  "n_train": 700,
  "n_val": 150,
  "n_test": 150,
  "n_total": 1000,
  "n_correct": 490,
  "n_incorrect": 510,
  "correct_ratio": 49.0,
  "class_weight": "balanced",
  "indices_path": "/Users/antyabharahman/Downloads/Personal/final_research/paper_codebase/-rl-sft-reasoning/experiment_code/layerwise_linear_probe/balanced_outputs/584/deepseek/balanced_indices_deepseek-math-7b-instruct.json",
  "probe_config": {
    "cv_folds": 5,
    "C_range": [
      0.01,
      0.1,
      1.0,
      10.0,
      100.0
    ],
    "max_iter": 5000,
    "random_state": 42,
    "solver": "lbfgs"
  },
  "layer_results": [
    {
      "layer": 0,
      "best_C": 10.0,
      "train": {
        "accuracy": 0.6542857142857142,
        "precision": 0.6193853427895981,
        "recall": 0.7638483965014577,
        "f1": 0.6840731070496083
      },
      "val": {
        "accuracy": 0.5666666666666667,
        "precision": 0.5729166666666666,
        "recall": 0.6962025316455697,
        "f1": 0.6285714285714286
      },
      "test": {
        "accuracy": 0.6933333333333334,
        "precision": 0.6341463414634146,
        "recall": 0.7647058823529411,
        "f1": 0.6933333333333334
      }
    },
    {
      "layer": 1,
      "best_C": 10.0,
      "train": {
        "accuracy": 0.6642857142857143,
        "precision": 0.6285714285714286,
        "recall": 0.7696793002915452,
        "f1": 0.6920052424639581
      },
      "val": {
        "accuracy": 0.54,
        "precision": 0.5531914893617021,
        "recall": 0.6582278481012658,
        "f1": 0.6011560693641619
      },
      "test": {
        "accuracy": 0.7,
        "precision": 0.6419753086419753,
        "recall": 0.7647058823529411,
        "f1": 0.697986577181208
      }
    },
    {
      "layer": 2,
      "best_C": 1.0,
      "train": {
        "accuracy": 0.6571428571428571,
        "precision": 0.62004662004662,
        "recall": 0.7755102040816326,
        "f1": 0.689119170984456
      },
      "val": {
        "accuracy": 0.56,
        "precision": 0.5643564356435643,
        "recall": 0.7215189873417721,
        "f1": 0.6333333333333333
      },
      "test": {
        "accuracy": 0.68,
        "precision": 0.625,
        "recall": 0.7352941176470589,
        "f1": 0.6756756756756757
      }
    },
    {
      "layer": 3,
      "best_C": 10.0,
      "train": {
        "accuracy": 0.7642857142857142,
        "precision": 0.7270408163265306,
        "recall": 0.8309037900874635,
        "f1": 0.7755102040816326
      },
      "val": {
        "accuracy": 0.5933333333333334,
        "precision": 0.6022727272727273,
        "recall": 0.6708860759493671,
        "f1": 0.6347305389221557
      },
      "test": {
        "accuracy": 0.6866666666666666,
        "precision": 0.6329113924050633,
        "recall": 0.7352941176470589,
        "f1": 0.6802721088435374
      }
    },
    {
      "layer": 4,
      "best_C": 1.0,
      "train": {
        "accuracy": 0.7028571428571428,
        "precision": 0.6642335766423357,
        "recall": 0.7959183673469388,
        "f1": 0.7241379310344828
      },
      "val": {
        "accuracy": 0.5533333333333333,
        "precision": 0.5638297872340425,
        "recall": 0.6708860759493671,
        "f1": 0.6127167630057804
      },
      "test": {
        "accuracy": 0.6933333333333334,
        "precision": 0.627906976744186,
        "recall": 0.7941176470588235,
        "f1": 0.7012987012987013
      }
    },
    {
      "layer": 5,
      "best_C": 1.0,
      "train": {
        "accuracy": 0.7114285714285714,
        "precision": 0.6723716381418093,
        "recall": 0.8017492711370262,
        "f1": 0.7313829787234043
      },
      "val": {
        "accuracy": 0.54,
        "precision": 0.5543478260869565,
        "recall": 0.6455696202531646,
        "f1": 0.5964912280701754
      },
      "test": {
        "accuracy": 0.6933333333333334,
        "precision": 0.627906976744186,
        "recall": 0.7941176470588235,
        "f1": 0.7012987012987013
      }
    },
    {
      "layer": 6,
      "best_C": 0.1,
      "train": {
        "accuracy": 0.6585714285714286,
        "precision": 0.6155555555555555,
        "recall": 0.8075801749271136,
        "f1": 0.6986128625472888
      },
      "val": {
        "accuracy": 0.5533333333333333,
        "precision": 0.5566037735849056,
        "recall": 0.7468354430379747,
        "f1": 0.6378378378378379
      },
      "test": {
        "accuracy": 0.7066666666666667,
        "precision": 0.6363636363636364,
        "recall": 0.8235294117647058,
        "f1": 0.717948717948718
      }
    },
    {
      "layer": 7,
      "best_C": 0.1,
      "train": {
        "accuracy": 0.6785714285714286,
        "precision": 0.6311111111111111,
        "recall": 0.8279883381924198,
        "f1": 0.7162673392181589
      },
      "val": {
        "accuracy": 0.5466666666666666,
        "precision": 0.5523809523809524,
        "recall": 0.7341772151898734,
        "f1": 0.6304347826086957
      },
      "test": {
        "accuracy": 0.72,
        "precision": 0.6511627906976745,
        "recall": 0.8235294117647058,
        "f1": 0.7272727272727273
      }
    },
    {
      "layer": 8,
      "best_C": 0.1,
      "train": {
        "accuracy": 0.6771428571428572,
        "precision": 0.6320541760722348,
        "recall": 0.8163265306122449,
        "f1": 0.712468193384224
      },
      "val": {
        "accuracy": 0.58,
        "precision": 0.5754716981132075,
        "recall": 0.7721518987341772,
        "f1": 0.6594594594594595
      },
      "test": {
        "accuracy": 0.7066666666666667,
        "precision": 0.6363636363636364,
        "recall": 0.8235294117647058,
        "f1": 0.717948717948718
      }
    },
    {
      "layer": 9,
      "best_C": 0.01,
      "train": {
        "accuracy": 0.6457142857142857,
        "precision": 0.6048565121412803,
        "recall": 0.7988338192419825,
        "f1": 0.6884422110552764
      },
      "val": {
        "accuracy": 0.5533333333333333,
        "precision": 0.5555555555555556,
        "recall": 0.759493670886076,
        "f1": 0.6417112299465241
      },
      "test": {
        "accuracy": 0.7,
        "precision": 0.6292134831460674,
        "recall": 0.8235294117647058,
        "f1": 0.7133757961783439
      }
    },
    {
      "layer": 10,
      "best_C": 0.1,
      "train": {
        "accuracy": 0.71,
        "precision": 0.6650943396226415,
        "recall": 0.8221574344023324,
        "f1": 0.7353324641460235
      },
      "val": {
        "accuracy": 0.5533333333333333,
        "precision": 0.56,
        "recall": 0.7088607594936709,
        "f1": 0.6256983240223464
      },
      "test": {
        "accuracy": 0.7,
        "precision": 0.6352941176470588,
        "recall": 0.7941176470588235,
        "f1": 0.7058823529411765
      }
    },
    {
      "layer": 11,
      "best_C": 0.1,
      "train": {
        "accuracy": 0.7371428571428571,
        "precision": 0.6897374701670644,
        "recall": 0.8425655976676385,
        "f1": 0.7585301837270341
      },
      "val": {
        "accuracy": 0.5733333333333334,
        "precision": 0.5789473684210527,
        "recall": 0.6962025316455697,
        "f1": 0.632183908045977
      },
      "test": {
        "accuracy": 0.7,
        "precision": 0.6352941176470588,
        "recall": 0.7941176470588235,
        "f1": 0.7058823529411765
      }
    },
    {
      "layer": 12,
      "best_C": 0.01,
      "train": {
        "accuracy": 0.68,
        "precision": 0.6319290465631929,
        "recall": 0.8309037900874635,
        "f1": 0.7178841309823678
      },
      "val": {
        "accuracy": 0.58,
        "precision": 0.5754716981132075,
        "recall": 0.7721518987341772,
        "f1": 0.6594594594594595
      },
      "test": {
        "accuracy": 0.6933333333333334,
        "precision": 0.625,
        "recall": 0.8088235294117647,