{
  "model_name": "deepseek-ai/deepseek-math-7b-rl",
  "n_layers": 30,
  "n_train": 700,
  "n_val": 150,
  "n_test": 150,
  "n_total": 1000,
  "n_correct": 584,
  "n_incorrect": 416,
  "correct_ratio": 58.4,
  "class_weight": "balanced",
  "indices_path": "/Users/antyabharahman/Downloads/Personal/final_research/paper_codebase/-rl-sft-reasoning/experiment_code/layerwise_linear_probe/balanced_outputs/584/deepseek/balanced_indices_deepseek-math-7b-rl.json",
  "probe_config": {
    "cv_folds": 5,
    "C_range": [
      0.01,
      0.1,
      1.0,
      10.0,
      100.0
    ],
    "max_iter": 5000,
    "random_state": 42,
    "solver": "lbfgs"
  },
  "layer_results": [
    {
      "layer": 0,
      "best_C": 0.01,
      "train": {
        "accuracy": 0.6128571428571429,
        "precision": 0.6098360655737705,
        "recall": 0.9185185185185185,
        "f1": 0.7330049261083744
      },
      "val": {
        "accuracy": 0.6133333333333333,
        "precision": 0.6029411764705882,
        "recall": 0.9534883720930233,
        "f1": 0.7387387387387387
      },
      "test": {
        "accuracy": 0.5866666666666667,
        "precision": 0.6220472440944882,
        "recall": 0.8494623655913979,
        "f1": 0.7181818181818181
      }
    },
    {
      "layer": 1,
      "best_C": 100.0,
      "train": {
        "accuracy": 0.8685714285714285,
        "precision": 0.8962025316455696,
        "recall": 0.8740740740740741,
        "f1": 0.885
      },
      "val": {
        "accuracy": 0.66,
        "precision": 0.6804123711340206,
        "recall": 0.7674418604651163,
        "f1": 0.7213114754098361
      },
      "test": {
        "accuracy": 0.6466666666666666,
        "precision": 0.7222222222222222,
        "recall": 0.6989247311827957,
        "f1": 0.7103825136612022
      }
    },
    {
      "layer": 2,
      "best_C": 1.0,
      "train": {
        "accuracy": 0.7671428571428571,
        "precision": 0.7922705314009661,
        "recall": 0.8098765432098766,
        "f1": 0.800976800976801
      },
      "val": {
        "accuracy": 0.6466666666666666,
        "precision": 0.6813186813186813,
        "recall": 0.7209302325581395,
        "f1": 0.7005649717514124
      },
      "test": {
        "accuracy": 0.62,
        "precision": 0.7142857142857143,
        "recall": 0.6451612903225806,
        "f1": 0.6779661016949152
      }
    },
    {
      "layer": 3,
      "best_C": 0.01,
      "train": {
        "accuracy": 0.6828571428571428,
        "precision": 0.6894409937888198,
        "recall": 0.8222222222222222,
        "f1": 0.75
      },
      "val": {
        "accuracy": 0.6533333333333333,
        "precision": 0.6517857142857143,
        "recall": 0.8488372093023255,
        "f1": 0.7373737373737373
      },
      "test": {
        "accuracy": 0.58,
        "precision": 0.6470588235294118,
        "recall": 0.7096774193548387,
        "f1": 0.676923076923077
      }
    },
    {
      "layer": 4,
      "best_C": 0.1,
      "train": {
        "accuracy": 0.7628571428571429,
        "precision": 0.7865707434052758,
        "recall": 0.8098765432098766,
        "f1": 0.7980535279805353
      },
      "val": {
        "accuracy": 0.6733333333333333,
        "precision": 0.7126436781609196,
        "recall": 0.7209302325581395,
        "f1": 0.7167630057803468
      },
      "test": {
        "accuracy": 0.5933333333333334,
        "precision": 0.6777777777777778,
        "recall": 0.6559139784946236,
        "f1": 0.6666666666666666
      }
    },
    {
      "layer": 5,
      "best_C": 0.1,
      "train": {
        "accuracy": 0.7785714285714286,
        "precision": 0.8004807692307693,
        "recall": 0.8222222222222222,
        "f1": 0.8112058465286236
      },
      "val": {
        "accuracy": 0.6733333333333333,
        "precision": 0.7032967032967034,
        "recall": 0.7441860465116279,
        "f1": 0.7231638418079096
      },
      "test": {
        "accuracy": 0.6266666666666667,
        "precision": 0.7228915662650602,
        "recall": 0.6451612903225806,
        "f1": 0.6818181818181818
      }
    },
    {
      "layer": 6,
      "best_C": 0.1,
      "train": {
        "accuracy": 0.8028571428571428,
        "precision": 0.8264058679706602,
        "recall": 0.8345679012345679,
        "f1": 0.8304668304668305
      },
      "val": {
        "accuracy": 0.66,
        "precision": 0.6881720430107527,
        "recall": 0.7441860465116279,
        "f1": 0.7150837988826816
      },
      "test": {
        "accuracy": 0.6333333333333333,
        "precision": 0.7261904761904762,
        "recall": 0.6559139784946236,
        "f1": 0.6892655367231638
      }
    },
    {
      "layer": 7,
      "best_C": 0.01,
      "train": {
        "accuracy": 0.7328571428571429,
        "precision": 0.7582938388625592,
        "recall": 0.7901234567901234,
        "f1": 0.7738814993954051
      },
      "val": {
        "accuracy": 0.6466666666666666,
        "precision": 0.6774193548387096,
        "recall": 0.7325581395348837,
        "f1": 0.7039106145251397
      },
      "test": {
        "accuracy": 0.66,
        "precision": 0.7282608695652174,
        "recall": 0.7204301075268817,
        "f1": 0.7243243243243244
      }
    },
    {
      "layer": 8,
      "best_C": 0.1,
      "train": {
        "accuracy": 0.8514285714285714,
        "precision": 0.8697788697788698,
        "recall": 0.8740740740740741,
        "f1": 0.8719211822660099
      },
      "val": {
        "accuracy": 0.6533333333333333,
        "precision": 0.6931818181818182,
        "recall": 0.7093023255813954,
        "f1": 0.7011494252873564
      },
      "test": {
        "accuracy": 0.6333333333333333,
        "precision": 0.7159090909090909,
        "recall": 0.6774193548387096,
        "f1": 0.6961325966850829
      }
    },
    {
      "layer": 9,
      "best_C": 0.01,
      "train": {
        "accuracy": 0.7757142857142857,
        "precision": 0.7980769230769231,
        "recall": 0.8197530864197531,
        "f1": 0.8087697929354446
      },
      "val": {
        "accuracy": 0.66,
        "precision": 0.7011494252873564,
        "recall": 0.7093023255813954,
        "f1": 0.7052023121387283
      },
      "test": {
        "accuracy": 0.6333333333333333,
        "precision": 0.6979166666666666,
        "recall": 0.7204301075268817,
        "f1": 0.708994708994709
      }
    },
    {
      "layer": 10,
      "best_C": 0.01,
      "train": {
        "accuracy": 0.7885714285714286,
        "precision": 0.8111380145278451,
        "recall": 0.8271604938271605,
        "f1": 0.8190709046454768
      },
      "val": {
        "accuracy": 0.66,
        "precision": 0.6923076923076923,
        "recall": 0.7325581395348837,
        "f1": 0.711864406779661
      },
      "test": {
        "accuracy": 0.6466666666666666,
        "precision": 0.7040816326530612,
        "recall": 0.7419354838709677,
        "f1": 0.7225130890052356
      }
    },
    {
      "layer": 11,
      "best_C": 0.01,
      "train": {
        "accuracy": 0.7957142857142857,
        "precision": 0.8119047619047619,
        "recall": 0.8419753086419753,
        "f1": 0.8266666666666667
      },
      "val": {
        "accuracy": 0.6533333333333333,
        "precision": 0.6847826086956522,
        "recall": 0.7325581395348837,
        "f1": 0.7078651685393258
      },
      "test": {
        "accuracy": 0.6466666666666666,
        "precision": 0.7127659574468085,
        "recall": 0.7204301075268817,
        "f1": 0.7165775401069518
      }
    },
    {
      "layer": 12,
      "best_C": 0.01,
      "train": {
        "accuracy": 0.8,
        "precision": 0.8162291169451074,
        "recall": 0.8444444444444444,
        "f1": 0.8300970873786407
      },
      "val": {
        "accuracy": 0.66,
        "precision": 0.6923076923076923,
        "recall": 0.7325581395348837,
        "f1": 0.711864406779661
      },
      "test": {
        "accuracy": 0.6733333333333333,