{
  "model_name": "allenai/Olmo-3-7B-Think-SFT",
  "n_layers": 32,
  "n_train": 202,
  "n_val": 43,
  "n_test": 44,
  "n_balanced_total": 289,
  "n_balanced_correct": 288,
  "n_balanced_incorrect": 1,
  "balanced_indices_path": "/Users/antyabharahman/Downloads/Personal/final_research/paper_codebase/-rl-sft-reasoning/experiment_code/layerwise_linear_probe/balanced_outputs/884/olmo3/balanced_indices_Olmo-3-7B-Think-SFT.json",
  "probe_config": {
    "cv_folds": 5,
    "C_range": [
      0.01,
      0.1,
      1.0,
      10.0,
      100.0
    ],
    "max_iter": 5000,
    "random_state": 42,
    "solver": "lbfgs"
  },
  "layer_results": [
    {
      "layer": 0,
      "best_C": 100.0,
      "train": {
        "accuracy": 0.9158415841584159,
        "precision": 1.0,
        "recall": 0.9154228855721394,
        "f1": 0.9558441558441558
      },
      "val": {
        "accuracy": 0.8837209302325582,
        "precision": 1.0,
        "recall": 0.8837209302325582,
        "f1": 0.9382716049382716
      },
      "test": {
        "accuracy": 0.9545454545454546,
        "precision": 1.0,
        "recall": 0.9545454545454546,
        "f1": 0.9767441860465116
      }
    },
    {
      "layer": 1,
      "best_C": 100.0,
      "train": {
        "accuracy": 0.9653465346534653,
        "precision": 1.0,
        "recall": 0.9651741293532339,
        "f1": 0.9822784810126582
      },
      "val": {
        "accuracy": 0.9767441860465116,
        "precision": 1.0,
        "recall": 0.9767441860465116,
        "f1": 0.9882352941176471
      },
      "test": {
        "accuracy": 0.9545454545454546,
        "precision": 1.0,
        "recall": 0.9545454545454546,
        "f1": 0.9767441860465116
      }
    },
    {
      "layer": 2,
      "best_C": 100.0,
      "train": {
        "accuracy": 0.995049504950495,
        "precision": 1.0,
        "recall": 0.9950248756218906,
        "f1": 0.9975062344139651
      },
      "val": {
        "accuracy": 0.9767441860465116,
        "precision": 1.0,
        "recall": 0.9767441860465116,
        "f1": 0.9882352941176471
      },
      "test": {
        "accuracy": 0.9318181818181818,
        "precision": 1.0,
        "recall": 0.9318181818181818,
        "f1": 0.9647058823529412
      }
    },
    {
      "layer": 3,
      "best_C": 10.0,
      "train": {
        "accuracy": 0.9900990099009901,
        "precision": 1.0,
        "recall": 0.9900497512437811,
        "f1": 0.995
      },
      "val": {
        "accuracy": 0.9767441860465116,
        "precision": 1.0,
        "recall": 0.9767441860465116,
        "f1": 0.9882352941176471
      },
      "test": {
        "accuracy": 0.9545454545454546,
        "precision": 1.0,
        "recall": 0.9545454545454546,
        "f1": 0.9767441860465116
      }
    },
    {
      "layer": 4,
      "best_C": 10.0,
      "train": {
        "accuracy": 0.9900990099009901,
        "precision": 1.0,
        "recall": 0.9900497512437811,
        "f1": 0.995
      },
      "val": {
        "accuracy": 0.9767441860465116,
        "precision": 1.0,
        "recall": 0.9767441860465116,
        "f1": 0.9882352941176471
      },
      "test": {
        "accuracy": 0.9772727272727273,
        "precision": 1.0,
        "recall": 0.9772727272727273,
        "f1": 0.9885057471264368
      }
    },
    {
      "layer": 5,
      "best_C": 10.0,
      "train": {
        "accuracy": 0.9900990099009901,
        "precision": 1.0,
        "recall": 0.9900497512437811,
        "f1": 0.995
      },
      "val": {
        "accuracy": 0.9767441860465116,
        "precision": 1.0,
        "recall": 0.9767441860465116,
        "f1": 0.9882352941176471
      },
      "test": {
        "accuracy": 0.9772727272727273,
        "precision": 1.0,
        "recall": 0.9772727272727273,
        "f1": 0.9885057471264368
      }
    },
    {
      "layer": 6,
      "best_C": 10.0,
      "train": {
        "accuracy": 0.9900990099009901,
        "precision": 1.0,
        "recall": 0.9900497512437811,
        "f1": 0.995
      },
      "val": {
        "accuracy": 1.0,
        "precision": 1.0,
        "recall": 1.0,
        "f1": 1.0
      },
      "test": {
        "accuracy": 1.0,
        "precision": 1.0,
        "recall": 1.0,
        "f1": 1.0
      }
    },
    {
      "layer": 7,
      "best_C": 1.0,
      "train": {
        "accuracy": 0.9900990099009901,
        "precision": 1.0,
        "recall": 0.9900497512437811,
        "f1": 0.995
      },
      "val": {
        "accuracy": 0.9767441860465116,
        "precision": 1.0,
        "recall": 0.9767441860465116,
        "f1": 0.9882352941176471
      },
      "test": {
        "accuracy": 0.9545454545454546,
        "precision": 1.0,
        "recall": 0.9545454545454546,
        "f1": 0.9767441860465116
      }
    },
    {
      "layer": 8,
      "best_C": 1.0,
      "train": {
        "accuracy": 0.9900990099009901,
        "precision": 1.0,
        "recall": 0.9900497512437811,
        "f1": 0.995
      },
      "val": {
        "accuracy": 1.0,
        "precision": 1.0,
        "recall": 1.0,
        "f1": 1.0
      },
      "test": {
        "accuracy": 0.9545454545454546,
        "precision": 1.0,
        "recall": 0.9545454545454546,
        "f1": 0.9767441860465116
      }
    },
    {
      "layer": 9,
      "best_C": 1.0,
      "train": {
        "accuracy": 0.9900990099009901,
        "precision": 1.0,
        "recall": 0.9900497512437811,
        "f1": 0.995
      },
      "val": {
        "accuracy": 1.0,
        "precision": 1.0,
        "recall": 1.0,
        "f1": 1.0
      },
      "test": {
        "accuracy": 0.9545454545454546,
        "precision": 1.0,
        "recall": 0.9545454545454546,
        "f1": 0.9767441860465116
      }
    },
    {
      "layer": 10,
      "best_C": 1.0,
      "train": {
        "accuracy": 0.9900990099009901,
        "precision": 1.0,
        "recall": 0.9900497512437811,
        "f1": 0.995
      },
      "val": {
        "accuracy": 0.9767441860465116,
        "precision": 1.0,
        "recall": 0.9767441860465116,
        "f1": 0.9882352941176471
      },
      "test": {
        "accuracy": 0.9545454545454546,
        "precision": 1.0,
        "recall": 0.9545454545454546,
        "f1": 0.9767441860465116
      }
    },
    {
      "layer": 11,
      "best_C": 1.0,
      "train": {
        "accuracy": 0.9900990099009901,
        "precision": 1.0,
        "recall": 0.9900497512437811,
        "f1": 0.995
      },
      "val": {
        "accuracy": 1.0,
        "precision": 1.0,
        "recall": 1.0,
        "f1": 1.0
      },
      "test": {
        "accuracy": 0.9772727272727273,
        "precision": 1.0,
        "recall": 0.9772727272727273,
        "f1": 0.9885057471264368
      }
    },
    {
      "layer": 12,
      "best_C": 1.0,
      "train": {
        "accuracy": 0.995049504950495,
        "precision": 1.0,
        "recall": 0.9950248756218906,
        "f1": 0.9975062344139651
      },
      "val": {
        "accuracy": 1.0,
        "precision": 1.0,
        "recall": 1.0,
        "f1": 1.0
      },
      "test": {
        "accuracy": 0.9772727272727273,
        "precision": 1.0,
        "recall": 0.9772727272727273,
        "f1": 0.9885057471264368
      }
    },
    {
      "layer": 13,
      "best_C": 1.0,
      "train": {
        "accuracy": 0.995049504950495,
        "precision": 1.0,
        "recall": 0.9950248756218906,
        "f1": 0.9975062344139651
      },
      "val": {
        "accuracy": 1.0,
        "precision": 1.0,
        "recall": 1.0,
        "f1": 1.0
      },
      "test": {
        "accuracy": 0.9772727272727273,
        "precision": 1.0,
        "recall": 0.9772727272727273,
        "f1": 0.9885057471264368
      }
    },
    {
      "layer": 14,
      "best_C": 1.0,
      "train": {
        "accuracy": 0.995049504950495,
        "precision": 1.0,
        "recall": 0.9950248756218906,
        "f1": 0.9975062344139651
      },
      "val": {
        "accuracy": 1.0,