{
  "model_name": "allenai/Olmo-3-7B-RLZero-Math",
  "n_layers": 32,
  "n_train": 686,
  "n_val": 147,
  "n_test": 148,
  "n_total": 981,
  "n_correct": 511,
  "n_incorrect": 470,
  "correct_ratio": 52.1,
  "class_weight": "balanced",
  "indices_path": "/Users/antyabharahman/Downloads/Personal/final_research/paper_codebase/-rl-sft-reasoning/experiment_code/layerwise_linear_probe/balanced_outputs/884/olmo3/balanced_indices_Olmo-3-7B-RLZero-Math.json",
  "probe_config": {
    "cv_folds": 5,
    "C_range": [
      0.01,
      0.1,
      1.0,
      10.0,
      100.0
    ],
    "max_iter": 5000,
    "random_state": 42,
    "solver": "lbfgs"
  },
  "layer_results": [
    {
      "layer": 0,
      "best_C": 10.0,
      "train": {
        "accuracy": 0.9183673469387755,
        "precision": 0.8954423592493298,
        "recall": 0.9515669515669516,
        "f1": 0.9226519337016574
      },
      "val": {
        "accuracy": 0.8231292517006803,
        "precision": 0.7934782608695652,
        "recall": 0.9125,
        "f1": 0.8488372093023255
      },
      "test": {
        "accuracy": 0.7905405405405406,
        "precision": 0.7951807228915663,
        "recall": 0.825,
        "f1": 0.8098159509202454
      }
    },
    {
      "layer": 1,
      "best_C": 10.0,
      "train": {
        "accuracy": 0.9402332361516035,
        "precision": 0.9166666666666666,
        "recall": 0.9715099715099715,
        "f1": 0.9432918395573997
      },
      "val": {
        "accuracy": 0.8095238095238095,
        "precision": 0.7888888888888889,
        "recall": 0.8875,
        "f1": 0.8352941176470589
      },
      "test": {
        "accuracy": 0.8040540540540541,
        "precision": 0.7931034482758621,
        "recall": 0.8625,
        "f1": 0.8263473053892215
      }
    },
    {
      "layer": 2,
      "best_C": 10.0,
      "train": {
        "accuracy": 0.9518950437317785,
        "precision": 0.9274193548387096,
        "recall": 0.9829059829059829,
        "f1": 0.9543568464730291
      },
      "val": {
        "accuracy": 0.8163265306122449,
        "precision": 0.7912087912087912,
        "recall": 0.9,
        "f1": 0.8421052631578947
      },
      "test": {
        "accuracy": 0.8243243243243243,
        "precision": 0.813953488372093,
        "recall": 0.875,
        "f1": 0.8433734939759037
      }
    },
    {
      "layer": 3,
      "best_C": 10.0,
      "train": {
        "accuracy": 0.9548104956268222,
        "precision": 0.9278074866310161,
        "recall": 0.9886039886039886,
        "f1": 0.9572413793103448
      },
      "val": {
        "accuracy": 0.7959183673469388,
        "precision": 0.7659574468085106,
        "recall": 0.9,
        "f1": 0.8275862068965517
      },
      "test": {
        "accuracy": 0.7972972972972973,
        "precision": 0.7976190476190477,
        "recall": 0.8375,
        "f1": 0.8170731707317073
      }
    },
    {
      "layer": 4,
      "best_C": 1.0,
      "train": {
        "accuracy": 0.9271137026239067,
        "precision": 0.8992042440318302,
        "recall": 0.9658119658119658,
        "f1": 0.9313186813186813
      },
      "val": {
        "accuracy": 0.8299319727891157,
        "precision": 0.7894736842105263,
        "recall": 0.9375,
        "f1": 0.8571428571428571
      },
      "test": {
        "accuracy": 0.8243243243243243,
        "precision": 0.813953488372093,
        "recall": 0.875,
        "f1": 0.8433734939759037
      }
    },
    {
      "layer": 5,
      "best_C": 1.0,
      "train": {
        "accuracy": 0.9373177842565598,
        "precision": 0.9074074074074074,
        "recall": 0.9772079772079773,
        "f1": 0.9410150891632373
      },
      "val": {
        "accuracy": 0.8163265306122449,
        "precision": 0.7731958762886598,
        "recall": 0.9375,
        "f1": 0.847457627118644
      },
      "test": {
        "accuracy": 0.8175675675675675,
        "precision": 0.8117647058823529,
        "recall": 0.8625,
        "f1": 0.8363636363636363
      }
    },
    {
      "layer": 6,
      "best_C": 1.0,
      "train": {
        "accuracy": 0.9431486880466472,
        "precision": 0.9126984126984127,
        "recall": 0.9829059829059829,
        "f1": 0.9465020576131687
      },
      "val": {
        "accuracy": 0.8027210884353742,
        "precision": 0.7684210526315789,
        "recall": 0.9125,
        "f1": 0.8342857142857143
      },
      "test": {
        "accuracy": 0.8243243243243243,
        "precision": 0.8214285714285714,
        "recall": 0.8625,
        "f1": 0.8414634146341463
      }
    },
    {
      "layer": 7,
      "best_C": 1.0,
      "train": {
        "accuracy": 0.9475218658892128,
        "precision": 0.9133858267716536,
        "recall": 0.9914529914529915,
        "f1": 0.9508196721311475
      },
      "val": {
        "accuracy": 0.8163265306122449,
        "precision": 0.7789473684210526,
        "recall": 0.925,
        "f1": 0.8457142857142858
      },
      "test": {
        "accuracy": 0.8040540540540541,
        "precision": 0.8148148148148148,
        "recall": 0.825,
        "f1": 0.8198757763975155
      }
    },
    {
      "layer": 8,
      "best_C": 0.1,
      "train": {
        "accuracy": 0.9081632653061225,
        "precision": 0.8769633507853403,
        "recall": 0.9544159544159544,
        "f1": 0.9140518417462483
      },
      "val": {
        "accuracy": 0.8299319727891157,
        "precision": 0.7956989247311828,
        "recall": 0.925,
        "f1": 0.8554913294797688
      },
      "test": {
        "accuracy": 0.8175675675675675,
        "precision": 0.8271604938271605,
        "recall": 0.8375,
        "f1": 0.8322981366459627
      }
    },
    {
      "layer": 9,
      "best_C": 1.0,
      "train": {
        "accuracy": 0.9548104956268222,
        "precision": 0.9278074866310161,
        "recall": 0.9886039886039886,
        "f1": 0.9572413793103448
      },
      "val": {
        "accuracy": 0.7891156462585034,
        "precision": 0.7525773195876289,
        "recall": 0.9125,
        "f1": 0.8248587570621468
      },
      "test": {
        "accuracy": 0.8108108108108109,
        "precision": 0.8170731707317073,
        "recall": 0.8375,
        "f1": 0.8271604938271605
      }
    },
    {
      "layer": 10,
      "best_C": 0.1,
      "train": {
        "accuracy": 0.9285714285714286,
        "precision": 0.8952879581151832,
        "recall": 0.9743589743589743,
        "f1": 0.9331514324693042
      },
      "val": {
        "accuracy": 0.8435374149659864,
        "precision": 0.8131868131868132,
        "recall": 0.925,
        "f1": 0.8654970760233918
      },
      "test": {
        "accuracy": 0.8108108108108109,
        "precision": 0.8170731707317073,
        "recall": 0.8375,
        "f1": 0.8271604938271605
      }
    },
    {
      "layer": 11,
      "best_C": 0.1,
      "train": {
        "accuracy": 0.9300291545189504,
        "precision": 0.8955613577023499,
        "recall": 0.9772079772079773,
        "f1": 0.9346049046321526
      },
      "val": {
        "accuracy": 0.8367346938775511,
        "precision": 0.7978723404255319,
        "recall": 0.9375,
        "f1": 0.8620689655172413
      },
      "test": {
        "accuracy": 0.8108108108108109,
        "precision": 0.8095238095238095,
        "recall": 0.85,
        "f1": 0.8292682926829268
      }
    },
    {
      "layer": 12,
      "best_C": 1.0,
      "train": {
        "accuracy": 0.9752186588921283,
        "precision": 0.9613259668508287,
        "recall": 0.9914529914529915,
        "f1": 0.9761570827489481
      },
      "val": {
        "accuracy": 0.8231292517006803,
        "precision": 0.8068181818181818,
        "recall": 0.8875,
        "f1": 0.8452380952380952
      },
      "test": {
        "accuracy": 0.7905405405405406,
        "precision": 0.8181818181818182,
        "recall": 0.7875,
        "f1": 0.802547770700637
      }
    },
    {
      "layer": 13,
      "best_C": 0.01,