{
  "model_name": "allenai/Olmo-3-1025-7B",
  "n_layers": 32,
  "n_train": 132,
  "n_val": 28,
  "n_test": 29,
  "n_balanced_total": 189,
  "n_balanced_correct": 84,
  "n_balanced_incorrect": 105,
  "balanced_indices_path": "/Users/antyabharahman/Downloads/Personal/final_research/paper_codebase/-rl-sft-reasoning/experiment_code/layerwise_linear_probe/balanced_outputs/884/olmo3/balanced_indices_Olmo-3-1025-7B.json",
  "probe_config": {
    "cv_folds": 5,
    "C_range": [
      0.01,
      0.1,
      1.0,
      10.0,
      100.0
    ],
    "max_iter": 5000,
    "random_state": 42,
    "solver": "lbfgs"
  },
  "layer_results": [
    {
      "layer": 0,
      "best_C": 100.0,
      "train": {
        "accuracy": 0.8636363636363636,
        "precision": 0.7714285714285715,
        "recall": 0.9642857142857143,
        "f1": 0.8571428571428571
      },
      "val": {
        "accuracy": 0.6785714285714286,
        "precision": 0.6153846153846154,
        "recall": 0.6666666666666666,
        "f1": 0.64
      },
      "test": {
        "accuracy": 0.6896551724137931,
        "precision": 0.7333333333333333,
        "recall": 0.6875,
        "f1": 0.7096774193548387
      }
    },
    {
      "layer": 1,
      "best_C": 100.0,
      "train": {
        "accuracy": 0.9621212121212122,
        "precision": 0.9180327868852459,
        "recall": 1.0,
        "f1": 0.9572649572649573
      },
      "val": {
        "accuracy": 0.6428571428571429,
        "precision": 0.5714285714285714,
        "recall": 0.6666666666666666,
        "f1": 0.6153846153846154
      },
      "test": {
        "accuracy": 0.6551724137931034,
        "precision": 0.7142857142857143,
        "recall": 0.625,
        "f1": 0.6666666666666666
      }
    },
    {
      "layer": 2,
      "best_C": 1.0,
      "train": {
        "accuracy": 0.8484848484848485,
        "precision": 0.7647058823529411,
        "recall": 0.9285714285714286,
        "f1": 0.8387096774193549
      },
      "val": {
        "accuracy": 0.7142857142857143,
        "precision": 0.6428571428571429,
        "recall": 0.75,
        "f1": 0.6923076923076923
      },
      "test": {
        "accuracy": 0.5862068965517241,
        "precision": 0.6666666666666666,
        "recall": 0.5,
        "f1": 0.5714285714285714
      }
    },
    {
      "layer": 3,
      "best_C": 10.0,
      "train": {
        "accuracy": 0.9318181818181818,
        "precision": 0.8615384615384616,
        "recall": 1.0,
        "f1": 0.9256198347107438
      },
      "val": {
        "accuracy": 0.6785714285714286,
        "precision": 0.6153846153846154,
        "recall": 0.6666666666666666,
        "f1": 0.64
      },
      "test": {
        "accuracy": 0.6896551724137931,
        "precision": 0.7692307692307693,
        "recall": 0.625,
        "f1": 0.6896551724137931
      }
    },
    {
      "layer": 4,
      "best_C": 1.0,
      "train": {
        "accuracy": 0.8409090909090909,
        "precision": 0.7536231884057971,
        "recall": 0.9285714285714286,
        "f1": 0.832
      },
      "val": {
        "accuracy": 0.7142857142857143,
        "precision": 0.6428571428571429,
        "recall": 0.75,
        "f1": 0.6923076923076923
      },
      "test": {
        "accuracy": 0.6551724137931034,
        "precision": 0.75,
        "recall": 0.5625,
        "f1": 0.6428571428571429
      }
    },
    {
      "layer": 5,
      "best_C": 1.0,
      "train": {
        "accuracy": 0.8712121212121212,
        "precision": 0.782608695652174,
        "recall": 0.9642857142857143,
        "f1": 0.864
      },
      "val": {
        "accuracy": 0.75,
        "precision": 0.6923076923076923,
        "recall": 0.75,
        "f1": 0.72
      },
      "test": {
        "accuracy": 0.6896551724137931,
        "precision": 0.7692307692307693,
        "recall": 0.625,
        "f1": 0.6896551724137931
      }
    },
    {
      "layer": 6,
      "best_C": 0.1,
      "train": {
        "accuracy": 0.8106060606060606,
        "precision": 0.7123287671232876,
        "recall": 0.9285714285714286,
        "f1": 0.8062015503875969
      },
      "val": {
        "accuracy": 0.75,
        "precision": 0.6923076923076923,
        "recall": 0.75,
        "f1": 0.72
      },
      "test": {
        "accuracy": 0.6896551724137931,
        "precision": 0.7692307692307693,
        "recall": 0.625,
        "f1": 0.6896551724137931
      }
    },
    {
      "layer": 7,
      "best_C": 0.1,
      "train": {
        "accuracy": 0.8181818181818182,
        "precision": 0.7222222222222222,
        "recall": 0.9285714285714286,
        "f1": 0.8125
      },
      "val": {
        "accuracy": 0.75,
        "precision": 0.6923076923076923,
        "recall": 0.75,
        "f1": 0.72
      },
      "test": {
        "accuracy": 0.6896551724137931,
        "precision": 0.7692307692307693,
        "recall": 0.625,
        "f1": 0.6896551724137931
      }
    },
    {
      "layer": 8,
      "best_C": 0.1,
      "train": {
        "accuracy": 0.8333333333333334,
        "precision": 0.7361111111111112,
        "recall": 0.9464285714285714,
        "f1": 0.828125
      },
      "val": {
        "accuracy": 0.7857142857142857,
        "precision": 0.7142857142857143,
        "recall": 0.8333333333333334,
        "f1": 0.7692307692307693
      },
      "test": {
        "accuracy": 0.6896551724137931,
        "precision": 0.7692307692307693,
        "recall": 0.625,
        "f1": 0.6896551724137931
      }
    },
    {
      "layer": 9,
      "best_C": 0.1,
      "train": {
        "accuracy": 0.8409090909090909,
        "precision": 0.7464788732394366,
        "recall": 0.9464285714285714,
        "f1": 0.8346456692913385
      },
      "val": {
        "accuracy": 0.7857142857142857,
        "precision": 0.7142857142857143,
        "recall": 0.8333333333333334,
        "f1": 0.7692307692307693
      },
      "test": {
        "accuracy": 0.6896551724137931,
        "precision": 0.7692307692307693,
        "recall": 0.625,
        "f1": 0.6896551724137931
      }
    },
    {
      "layer": 10,
      "best_C": 1.0,
      "train": {
        "accuracy": 0.946969696969697,
        "precision": 0.9016393442622951,
        "recall": 0.9821428571428571,
        "f1": 0.9401709401709402
      },
      "val": {
        "accuracy": 0.75,
        "precision": 0.6923076923076923,
        "recall": 0.75,
        "f1": 0.72
      },
      "test": {
        "accuracy": 0.6206896551724138,
        "precision": 0.7272727272727273,
        "recall": 0.5,
        "f1": 0.5925925925925926
      }
    },
    {
      "layer": 11,
      "best_C": 0.1,
      "train": {
        "accuracy": 0.8712121212121212,
        "precision": 0.7746478873239436,
        "recall": 0.9821428571428571,
        "f1": 0.8661417322834646
      },
      "val": {
        "accuracy": 0.7857142857142857,
        "precision": 0.7142857142857143,
        "recall": 0.8333333333333334,
        "f1": 0.7692307692307693
      },
      "test": {
        "accuracy": 0.6896551724137931,
        "precision": 0.7692307692307693,
        "recall": 0.625,
        "f1": 0.6896551724137931
      }
    },
    {
      "layer": 12,
      "best_C": 0.1,
      "train": {
        "accuracy": 0.8863636363636364,
        "precision": 0.7971014492753623,
        "recall": 0.9821428571428571,
        "f1": 0.88
      },
      "val": {
        "accuracy": 0.8214285714285714,
        "precision": 0.7692307692307693,
        "recall": 0.8333333333333334,
        "f1": 0.8
      },
      "test": {
        "accuracy": 0.7241379310344828,
        "precision": 0.8333333333333334,
        "recall": 0.625,
        "f1": 0.7142857142857143
      }
    },
    {
      "layer": 13,
      "best_C": 1.0,
      "train": {
        "accuracy": 0.9772727272727273,
        "precision": 0.9491525423728814,
        "recall": 1.0,
        "f1": 0.9739130434782609
      },
      "val": {
        "accuracy": 0.8214285714285714,
        "precision": 0.8181818181818182,