{
  "model_name": "deepseek-ai/deepseek-math-7b-base",
  "n_layers": 30,
  "n_train": 158,
  "n_val": 33,
  "n_test": 35,
  "n_balanced_total": 226,
  "n_balanced_correct": 21,
  "n_balanced_incorrect": 205,
  "balanced_indices_path": "/Users/antyabharahman/Downloads/Personal/final_research/paper_codebase/-rl-sft-reasoning/experiment_code/layerwise_linear_probe/balanced_outputs/785/deepseek/balanced_indices_deepseek-math-7b-base.json",
  "probe_config": {
    "cv_folds": 5,
    "C_range": [
      0.01,
      0.1,
      1.0,
      10.0,
      100.0
    ],
    "max_iter": 5000,
    "random_state": 42,
    "solver": "lbfgs"
  },
  "layer_results": [
    {
      "layer": 0,
      "best_C": 10.0,
      "train": {
        "accuracy": 0.930379746835443,
        "precision": 0.5925925925925926,
        "recall": 1.0,
        "f1": 0.7441860465116279
      },
      "val": {
        "accuracy": 0.8181818181818182,
        "precision": 0.25,
        "recall": 0.25,
        "f1": 0.25
      },
      "test": {
        "accuracy": 0.7714285714285715,
        "precision": 0.0,
        "recall": 0.0,
        "f1": 0.0
      }
    },
    {
      "layer": 1,
      "best_C": 100.0,
      "train": {
        "accuracy": 1.0,
        "precision": 1.0,
        "recall": 1.0,
        "f1": 1.0
      },
      "val": {
        "accuracy": 0.8484848484848485,
        "precision": 0.3333333333333333,
        "recall": 0.25,
        "f1": 0.2857142857142857
      },
      "test": {
        "accuracy": 0.9142857142857143,
        "precision": 0.0,
        "recall": 0.0,
        "f1": 0.0
      }
    },
    {
      "layer": 2,
      "best_C": 10.0,
      "train": {
        "accuracy": 1.0,
        "precision": 1.0,
        "recall": 1.0,
        "f1": 1.0
      },
      "val": {
        "accuracy": 0.9090909090909091,
        "precision": 1.0,
        "recall": 0.25,
        "f1": 0.4
      },
      "test": {
        "accuracy": 0.8571428571428571,
        "precision": 0.0,
        "recall": 0.0,
        "f1": 0.0
      }
    },
    {
      "layer": 3,
      "best_C": 1.0,
      "train": {
        "accuracy": 0.9936708860759493,
        "precision": 0.9411764705882353,
        "recall": 1.0,
        "f1": 0.9696969696969697
      },
      "val": {
        "accuracy": 0.8484848484848485,
        "precision": 0.3333333333333333,
        "recall": 0.25,
        "f1": 0.2857142857142857
      },
      "test": {
        "accuracy": 0.8285714285714286,
        "precision": 0.0,
        "recall": 0.0,
        "f1": 0.0
      }
    },
    {
      "layer": 4,
      "best_C": 10.0,
      "train": {
        "accuracy": 1.0,
        "precision": 1.0,
        "recall": 1.0,
        "f1": 1.0
      },
      "val": {
        "accuracy": 0.9090909090909091,
        "precision": 0.6666666666666666,
        "recall": 0.5,
        "f1": 0.5714285714285714
      },
      "test": {
        "accuracy": 0.8571428571428571,
        "precision": 0.0,
        "recall": 0.0,
        "f1": 0.0
      }
    },
    {
      "layer": 5,
      "best_C": 1.0,
      "train": {
        "accuracy": 1.0,
        "precision": 1.0,
        "recall": 1.0,
        "f1": 1.0
      },
      "val": {
        "accuracy": 0.9090909090909091,
        "precision": 0.6666666666666666,
        "recall": 0.5,
        "f1": 0.5714285714285714
      },
      "test": {
        "accuracy": 0.8857142857142857,
        "precision": 0.0,
        "recall": 0.0,
        "f1": 0.0
      }
    },
    {
      "layer": 6,
      "best_C": 1.0,
      "train": {
        "accuracy": 1.0,
        "precision": 1.0,
        "recall": 1.0,
        "f1": 1.0
      },
      "val": {
        "accuracy": 0.8787878787878788,
        "precision": 0.5,
        "recall": 0.5,
        "f1": 0.5
      },
      "test": {
        "accuracy": 0.8571428571428571,
        "precision": 0.0,
        "recall": 0.0,
        "f1": 0.0
      }
    },
    {
      "layer": 7,
      "best_C": 0.1,
      "train": {
        "accuracy": 1.0,
        "precision": 1.0,
        "recall": 1.0,
        "f1": 1.0
      },
      "val": {
        "accuracy": 0.9090909090909091,
        "precision": 0.6666666666666666,
        "recall": 0.5,
        "f1": 0.5714285714285714
      },
      "test": {
        "accuracy": 0.8571428571428571,
        "precision": 0.0,
        "recall": 0.0,
        "f1": 0.0
      }
    },
    {
      "layer": 8,
      "best_C": 1.0,
      "train": {
        "accuracy": 1.0,
        "precision": 1.0,
        "recall": 1.0,
        "f1": 1.0
      },
      "val": {
        "accuracy": 0.9393939393939394,
        "precision": 1.0,
        "recall": 0.5,
        "f1": 0.6666666666666666
      },
      "test": {
        "accuracy": 0.8857142857142857,
        "precision": 0.0,
        "recall": 0.0,
        "f1": 0.0
      }
    },
    {
      "layer": 9,
      "best_C": 1.0,
      "train": {
        "accuracy": 1.0,
        "precision": 1.0,
        "recall": 1.0,
        "f1": 1.0
      },
      "val": {
        "accuracy": 0.9090909090909091,
        "precision": 1.0,
        "recall": 0.25,
        "f1": 0.4
      },
      "test": {
        "accuracy": 0.9142857142857143,
        "precision": 0.0,
        "recall": 0.0,
        "f1": 0.0
      }
    },
    {
      "layer": 10,
      "best_C": 1.0,
      "train": {
        "accuracy": 1.0,
        "precision": 1.0,
        "recall": 1.0,
        "f1": 1.0
      },
      "val": {
        "accuracy": 0.9393939393939394,
        "precision": 1.0,
        "recall": 0.5,
        "f1": 0.6666666666666666
      },
      "test": {
        "accuracy": 0.9142857142857143,
        "precision": 0.0,
        "recall": 0.0,
        "f1": 0.0
      }
    },
    {
      "layer": 11,
      "best_C": 0.1,
      "train": {
        "accuracy": 1.0,
        "precision": 1.0,
        "recall": 1.0,
        "f1": 1.0
      },
      "val": {
        "accuracy": 0.9393939393939394,
        "precision": 1.0,
        "recall": 0.5,
        "f1": 0.6666666666666666
      },
      "test": {
        "accuracy": 0.9142857142857143,
        "precision": 0.0,
        "recall": 0.0,
        "f1": 0.0
      }
    },
    {
      "layer": 12,
      "best_C": 1.0,
      "train": {
        "accuracy": 1.0,
        "precision": 1.0,
        "recall": 1.0,
        "f1": 1.0
      },
      "val": {
        "accuracy": 0.9393939393939394,
        "precision": 1.0,
        "recall": 0.5,
        "f1": 0.6666666666666666
      },
      "test": {
        "accuracy": 0.9142857142857143,
        "precision": 0.0,
        "recall": 0.0,
        "f1": 0.0
      }
    },
    {
      "layer": 13,
      "best_C": 1.0,
      "train": {
        "accuracy": 1.0,
        "precision": 1.0,
        "recall": 1.0,
        "f1": 1.0
      },
      "val": {
        "accuracy": 0.9393939393939394,
        "precision": 1.0,
        "recall": 0.5,
        "f1": 0.6666666666666666
      },
      "test": {
        "accuracy": 0.9428571428571428,
        "precision": 0.3333333333333333,
        "recall": 1.0,
        "f1": 0.5
      }
    },
    {
      "layer": 14,
      "best_C": 0.1,
      "train": {
        "accuracy": 1.0,
        "precision": 1.0,
        "recall": 1.0,
        "f1": 1.0
      },
      "val": {
        "accuracy": 0.9090909090909091,
        "precision": 1.0,
        "recall": 0.25,
        "f1": 0.4
      },
      "test": {
        "accuracy": 0.8857142857142857,
        "precision": 0.0,
        "recall": 0.0,
        "f1": 0.0
      }
    },
    {
      "layer": 15,
      "best_C": 0.01,
      "train": {
        "accuracy": 1.0,
        "precision": 1.0,
        "recall": 1.0,
        "f1": 1.0
      },
      "val": {
        "accuracy": 0.9393939393939394,
        "precision": 1.0,
        "recall": 0.5,
        "f1": 0.6666666666666666
      },
      "test": {
        "accuracy": 0.9142857142857143,
        "precision": 0.25,
        "recall": 1.0,
        "f1": 0.4
      }
    },
    {
      "layer": 16,
      "best_C": 10.0,