{
  "model_name": "allenai/Olmo-3-7B-Think",
  "n_layers": 32,
  "n_train": 700,
  "n_val": 150,
  "n_test": 150,
  "n_total": 1000,
  "n_correct": 991,
  "n_incorrect": 9,
  "correct_ratio": 99.1,
  "class_weight": "balanced",
  "indices_path": "/Users/antyabharahman/Downloads/Personal/final_research/paper_codebase/-rl-sft-reasoning/experiment_code/layerwise_linear_probe/balanced_outputs/270/olmo3/balanced_indices_Olmo-3-7B-Think.json",
  "probe_config": {
    "cv_folds": 5,
    "C_range": [
      0.01,
      0.1,
      1.0,
      10.0,
      100.0
    ],
    "max_iter": 5000,
    "random_state": 42,
    "solver": "lbfgs"
  },
  "layer_results": [
    {
      "layer": 0,
      "best_C": 100.0,
      "train": {
        "accuracy": 0.9471428571428572,
        "precision": 1.0,
        "recall": 0.946685878962536,
        "f1": 0.9726128793486306
      },
      "val": {
        "accuracy": 0.9066666666666666,
        "precision": 0.9927007299270073,
        "recall": 0.912751677852349,
        "f1": 0.951048951048951
      },
      "test": {
        "accuracy": 0.9133333333333333,
        "precision": 0.9856115107913669,
        "recall": 0.9256756756756757,
        "f1": 0.9547038327526133
      }
    },
    {
      "layer": 1,
      "best_C": 100.0,
      "train": {
        "accuracy": 0.9814285714285714,
        "precision": 1.0,
        "recall": 0.9812680115273775,
        "f1": 0.9905454545454545
      },
      "val": {
        "accuracy": 0.94,
        "precision": 0.9929577464788732,
        "recall": 0.9463087248322147,
        "f1": 0.9690721649484536
      },
      "test": {
        "accuracy": 0.9666666666666667,
        "precision": 0.9863945578231292,
        "recall": 0.9797297297297297,
        "f1": 0.9830508474576272
      }
    },
    {
      "layer": 2,
      "best_C": 100.0,
      "train": {
        "accuracy": 0.9842857142857143,
        "precision": 1.0,
        "recall": 0.984149855907781,
        "f1": 0.9920116194625999
      },
      "val": {
        "accuracy": 0.9466666666666667,
        "precision": 0.993006993006993,
        "recall": 0.9530201342281879,
        "f1": 0.9726027397260274
      },
      "test": {
        "accuracy": 0.96,
        "precision": 0.9863013698630136,
        "recall": 0.972972972972973,
        "f1": 0.9795918367346939
      }
    },
    {
      "layer": 3,
      "best_C": 100.0,
      "train": {
        "accuracy": 0.9971428571428571,
        "precision": 1.0,
        "recall": 0.9971181556195965,
        "f1": 0.9985569985569985
      },
      "val": {
        "accuracy": 0.9866666666666667,
        "precision": 0.9932885906040269,
        "recall": 0.9932885906040269,
        "f1": 0.9932885906040269
      },
      "test": {
        "accuracy": 0.9733333333333334,
        "precision": 0.9864864864864865,
        "recall": 0.9864864864864865,
        "f1": 0.9864864864864865
      }
    },
    {
      "layer": 4,
      "best_C": 100.0,
      "train": {
        "accuracy": 0.9971428571428571,
        "precision": 1.0,
        "recall": 0.9971181556195965,
        "f1": 0.9985569985569985
      },
      "val": {
        "accuracy": 0.9866666666666667,
        "precision": 0.9932885906040269,
        "recall": 0.9932885906040269,
        "f1": 0.9932885906040269
      },
      "test": {
        "accuracy": 0.98,
        "precision": 0.9865771812080537,
        "recall": 0.9932432432432432,
        "f1": 0.98989898989899
      }
    },
    {
      "layer": 5,
      "best_C": 100.0,
      "train": {
        "accuracy": 1.0,
        "precision": 1.0,
        "recall": 1.0,
        "f1": 1.0
      },
      "val": {
        "accuracy": 0.9866666666666667,
        "precision": 0.9932885906040269,
        "recall": 0.9932885906040269,
        "f1": 0.9932885906040269
      },
      "test": {
        "accuracy": 0.9866666666666667,
        "precision": 0.9866666666666667,
        "recall": 1.0,
        "f1": 0.9932885906040269
      }
    },
    {
      "layer": 6,
      "best_C": 100.0,
      "train": {
        "accuracy": 1.0,
        "precision": 1.0,
        "recall": 1.0,
        "f1": 1.0
      },
      "val": {
        "accuracy": 0.9866666666666667,
        "precision": 0.9932885906040269,
        "recall": 0.9932885906040269,
        "f1": 0.9932885906040269
      },
      "test": {
        "accuracy": 0.9866666666666667,
        "precision": 0.9866666666666667,
        "recall": 1.0,
        "f1": 0.9932885906040269
      }
    },
    {
      "layer": 7,
      "best_C": 100.0,
      "train": {
        "accuracy": 1.0,
        "precision": 1.0,
        "recall": 1.0,
        "f1": 1.0
      },
      "val": {
        "accuracy": 0.9866666666666667,
        "precision": 0.9932885906040269,
        "recall": 0.9932885906040269,
        "f1": 0.9932885906040269
      },
      "test": {
        "accuracy": 0.9866666666666667,
        "precision": 0.9866666666666667,
        "recall": 1.0,
        "f1": 0.9932885906040269
      }
    },
    {
      "layer": 8,
      "best_C": 10.0,
      "train": {
        "accuracy": 1.0,
        "precision": 1.0,
        "recall": 1.0,
        "f1": 1.0
      },
      "val": {
        "accuracy": 0.9933333333333333,
        "precision": 0.9933333333333333,
        "recall": 1.0,
        "f1": 0.9966555183946488
      },
      "test": {
        "accuracy": 0.98,
        "precision": 0.9865771812080537,
        "recall": 0.9932432432432432,
        "f1": 0.98989898989899
      }
    },
    {
      "layer": 9,
      "best_C": 100.0,
      "train": {
        "accuracy": 1.0,
        "precision": 1.0,
        "recall": 1.0,
        "f1": 1.0
      },
      "val": {
        "accuracy": 0.9933333333333333,
        "precision": 0.9933333333333333,
        "recall": 1.0,
        "f1": 0.9966555183946488
      },
      "test": {
        "accuracy": 0.9866666666666667,
        "precision": 0.9866666666666667,
        "recall": 1.0,
        "f1": 0.9932885906040269
      }
    },
    {
      "layer": 10,
      "best_C": 10.0,
      "train": {
        "accuracy": 1.0,
        "precision": 1.0,
        "recall": 1.0,
        "f1": 1.0
      },
      "val": {
        "accuracy": 0.9866666666666667,
        "precision": 0.9932885906040269,
        "recall": 0.9932885906040269,
        "f1": 0.9932885906040269
      },
      "test": {
        "accuracy": 0.98,
        "precision": 0.9865771812080537,
        "recall": 0.9932432432432432,
        "f1": 0.98989898989899
      }
    },
    {
      "layer": 11,
      "best_C": 1.0,
      "train": {
        "accuracy": 0.9971428571428571,
        "precision": 1.0,
        "recall": 0.9971181556195965,
        "f1": 0.9985569985569985
      },
      "val": {
        "accuracy": 0.9866666666666667,
        "precision": 0.9932885906040269,
        "recall": 0.9932885906040269,
        "f1": 0.9932885906040269
      },
      "test": {
        "accuracy": 0.98,
        "precision": 0.9865771812080537,
        "recall": 0.9932432432432432,
        "f1": 0.98989898989899
      }
    },
    {
      "layer": 12,
      "best_C": 1.0,
      "train": {
        "accuracy": 0.9985714285714286,
        "precision": 1.0,
        "recall": 0.9985590778097982,
        "f1": 0.9992790194664743
      },
      "val": {
        "accuracy": 0.9866666666666667,
        "precision": 0.9932885906040269,
        "recall": 0.9932885906040269,
        "f1": 0.9932885906040269
      },
      "test": {
        "accuracy": 0.98,
        "precision": 0.9865771812080537,
        "recall": 0.9932432432432432,
        "f1": 0.98989898989899
      }
    },
    {
      "layer": 13,
      "best_C": 1.0,
      "train": {
        "accuracy": 0.9985714285714286,
        "precision": 1.0,
        "recall": 0.9985590778097982,
        "f1": 0.9992790194664743
      },
      "val": {
        "accuracy": 0.9866666666666667,
        "precision": 0.9932885906040269,
        "recall": 0.9932885906040269,
        "f1": 0.9932885906040269
      },