{
  "model_name": "allenai/Olmo-3-1025-7B",
  "n_layers": 32,
  "n_train": 56,
  "n_val": 12,
  "n_test": 12,
  "n_balanced_total": 80,
  "n_balanced_correct": 15,
  "n_balanced_incorrect": 65,
  "balanced_indices_path": "/Users/antyabharahman/Downloads/Personal/final_research/paper_codebase/-rl-sft-reasoning/experiment_code/layerwise_linear_probe/balanced_outputs/270/olmo3/balanced_indices_Olmo-3-1025-7B.json",
  "probe_config": {
    "cv_folds": 5,
    "C_range": [
      0.01,
      0.1,
      1.0,
      10.0,
      100.0
    ],
    "max_iter": 5000,
    "random_state": 42,
    "solver": "lbfgs"
  },
  "layer_results": [
    {
      "layer": 0,
      "best_C": 0.01,
      "train": {
        "accuracy": 0.5357142857142857,
        "precision": 0.2647058823529412,
        "recall": 0.9,
        "f1": 0.4090909090909091
      },
      "val": {
        "accuracy": 0.6666666666666666,
        "precision": 0.2,
        "recall": 1.0,
        "f1": 0.3333333333333333
      },
      "test": {
        "accuracy": 0.4166666666666667,
        "precision": 0.2,
        "recall": 0.25,
        "f1": 0.2222222222222222
      }
    },
    {
      "layer": 1,
      "best_C": 100.0,
      "train": {
        "accuracy": 0.9464285714285714,
        "precision": 0.7692307692307693,
        "recall": 1.0,
        "f1": 0.8695652173913043
      },
      "val": {
        "accuracy": 0.75,
        "precision": 0.0,
        "recall": 0.0,
        "f1": 0.0
      },
      "test": {
        "accuracy": 0.5833333333333334,
        "precision": 0.0,
        "recall": 0.0,
        "f1": 0.0
      }
    },
    {
      "layer": 2,
      "best_C": 100.0,
      "train": {
        "accuracy": 0.9821428571428571,
        "precision": 0.9090909090909091,
        "recall": 1.0,
        "f1": 0.9523809523809523
      },
      "val": {
        "accuracy": 0.8333333333333334,
        "precision": 0.0,
        "recall": 0.0,
        "f1": 0.0
      },
      "test": {
        "accuracy": 0.5,
        "precision": 0.0,
        "recall": 0.0,
        "f1": 0.0
      }
    },
    {
      "layer": 3,
      "best_C": 100.0,
      "train": {
        "accuracy": 1.0,
        "precision": 1.0,
        "recall": 1.0,
        "f1": 1.0
      },
      "val": {
        "accuracy": 0.8333333333333334,
        "precision": 0.0,
        "recall": 0.0,
        "f1": 0.0
      },
      "test": {
        "accuracy": 0.5833333333333334,
        "precision": 0.0,
        "recall": 0.0,
        "f1": 0.0
      }
    },
    {
      "layer": 4,
      "best_C": 100.0,
      "train": {
        "accuracy": 1.0,
        "precision": 1.0,
        "recall": 1.0,
        "f1": 1.0
      },
      "val": {
        "accuracy": 0.8333333333333334,
        "precision": 0.0,
        "recall": 0.0,
        "f1": 0.0
      },
      "test": {
        "accuracy": 0.6666666666666666,
        "precision": 0.0,
        "recall": 0.0,
        "f1": 0.0
      }
    },
    {
      "layer": 5,
      "best_C": 100.0,
      "train": {
        "accuracy": 1.0,
        "precision": 1.0,
        "recall": 1.0,
        "f1": 1.0
      },
      "val": {
        "accuracy": 0.8333333333333334,
        "precision": 0.0,
        "recall": 0.0,
        "f1": 0.0
      },
      "test": {
        "accuracy": 0.6666666666666666,
        "precision": 0.0,
        "recall": 0.0,
        "f1": 0.0
      }
    },
    {
      "layer": 6,
      "best_C": 10.0,
      "train": {
        "accuracy": 0.9821428571428571,
        "precision": 0.9090909090909091,
        "recall": 1.0,
        "f1": 0.9523809523809523
      },
      "val": {
        "accuracy": 0.8333333333333334,
        "precision": 0.0,
        "recall": 0.0,
        "f1": 0.0
      },
      "test": {
        "accuracy": 0.6666666666666666,
        "precision": 0.0,
        "recall": 0.0,
        "f1": 0.0
      }
    },
    {
      "layer": 7,
      "best_C": 10.0,
      "train": {
        "accuracy": 1.0,
        "precision": 1.0,
        "recall": 1.0,
        "f1": 1.0
      },
      "val": {
        "accuracy": 0.9166666666666666,
        "precision": 0.0,
        "recall": 0.0,
        "f1": 0.0
      },
      "test": {
        "accuracy": 0.6666666666666666,
        "precision": 0.0,
        "recall": 0.0,
        "f1": 0.0
      }
    },
    {
      "layer": 8,
      "best_C": 10.0,
      "train": {
        "accuracy": 1.0,
        "precision": 1.0,
        "recall": 1.0,
        "f1": 1.0
      },
      "val": {
        "accuracy": 0.9166666666666666,
        "precision": 0.0,
        "recall": 0.0,
        "f1": 0.0
      },
      "test": {
        "accuracy": 0.6666666666666666,
        "precision": 0.0,
        "recall": 0.0,
        "f1": 0.0
      }
    },
    {
      "layer": 9,
      "best_C": 1.0,
      "train": {
        "accuracy": 0.9285714285714286,
        "precision": 0.7142857142857143,
        "recall": 1.0,
        "f1": 0.8333333333333334
      },
      "val": {
        "accuracy": 0.8333333333333334,
        "precision": 0.0,
        "recall": 0.0,
        "f1": 0.0
      },
      "test": {
        "accuracy": 0.5833333333333334,
        "precision": 0.0,
        "recall": 0.0,
        "f1": 0.0
      }
    },
    {
      "layer": 10,
      "best_C": 100.0,
      "train": {
        "accuracy": 1.0,
        "precision": 1.0,
        "recall": 1.0,
        "f1": 1.0
      },
      "val": {
        "accuracy": 0.9166666666666666,
        "precision": 0.0,
        "recall": 0.0,
        "f1": 0.0
      },
      "test": {
        "accuracy": 0.6666666666666666,
        "precision": 0.0,
        "recall": 0.0,
        "f1": 0.0
      }
    },
    {
      "layer": 11,
      "best_C": 10.0,
      "train": {
        "accuracy": 1.0,
        "precision": 1.0,
        "recall": 1.0,
        "f1": 1.0
      },
      "val": {
        "accuracy": 0.9166666666666666,
        "precision": 0.0,
        "recall": 0.0,
        "f1": 0.0
      },
      "test": {
        "accuracy": 0.6666666666666666,
        "precision": 0.0,
        "recall": 0.0,
        "f1": 0.0
      }
    },
    {
      "layer": 12,
      "best_C": 1.0,
      "train": {
        "accuracy": 0.9821428571428571,
        "precision": 0.9090909090909091,
        "recall": 1.0,
        "f1": 0.9523809523809523
      },
      "val": {
        "accuracy": 0.8333333333333334,
        "precision": 0.0,
        "recall": 0.0,
        "f1": 0.0
      },
      "test": {
        "accuracy": 0.5833333333333334,
        "precision": 0.0,
        "recall": 0.0,
        "f1": 0.0
      }
    },
    {
      "layer": 13,
      "best_C": 1.0,
      "train": {
        "accuracy": 1.0,
        "precision": 1.0,
        "recall": 1.0,
        "f1": 1.0
      },
      "val": {
        "accuracy": 0.8333333333333334,
        "precision": 0.0,
        "recall": 0.0,
        "f1": 0.0
      },
      "test": {
        "accuracy": 0.5833333333333334,
        "precision": 0.0,
        "recall": 0.0,
        "f1": 0.0
      }
    },
    {
      "layer": 14,
      "best_C": 10.0,
      "train": {
        "accuracy": 1.0,
        "precision": 1.0,
        "recall": 1.0,
        "f1": 1.0
      },
      "val": {
        "accuracy": 0.8333333333333334,
        "precision": 0.0,
        "recall": 0.0,
        "f1": 0.0
      },
      "test": {
        "accuracy": 0.5833333333333334,
        "precision": 0.0,
        "recall": 0.0,
        "f1": 0.0
      }
    },
    {
      "layer": 15,
      "best_C": 1.0,
      "train": {
        "accuracy": 1.0,
        "precision": 1.0,
        "recall": 1.0,
        "f1": 1.0
      },
      "val": {
        "accuracy": 0.8333333333333334,
        "precision": 0.0,
        "recall": 0.0,
        "f1": 0.0
      },
      "test": {
        "accuracy": 0.5833333333333334,
        "precision": 0.0,
        "recall": 0.0,
        "f1": 0.0
      }
    },
    {
      "layer": 16,
      "best_C": 10.0,
      "train": {
        "accuracy": 1.0,
        "precision": 1.0,
        "recall": 1.0,