{
  "model_name": "allenai/Olmo-3-7B-RLZero-Math",
  "n_layers": 32,
  "n_train": 699,
  "n_val": 149,
  "n_test": 151,
  "n_total": 999,
  "n_correct": 526,
  "n_incorrect": 473,
  "correct_ratio": 52.7,
  "class_weight": "balanced",
  "indices_path": "/Users/antyabharahman/Downloads/Personal/final_research/paper_codebase/-rl-sft-reasoning/experiment_code/layerwise_linear_probe/balanced_outputs/270/olmo3/balanced_indices_Olmo-3-7B-RLZero-Math.json",
  "probe_config": {
    "cv_folds": 5,
    "C_range": [
      0.01,
      0.1,
      1.0,
      10.0,
      100.0
    ],
    "max_iter": 5000,
    "random_state": 42,
    "solver": "lbfgs"
  },
  "layer_results": [
    {
      "layer": 0,
      "best_C": 100.0,
      "train": {
        "accuracy": 0.8526466380543634,
        "precision": 0.8253588516746412,
        "recall": 0.92,
        "f1": 0.8701134930643127
      },
      "val": {
        "accuracy": 0.738255033557047,
        "precision": 0.6931818181818182,
        "recall": 0.8356164383561644,
        "f1": 0.7577639751552795
      },
      "test": {
        "accuracy": 0.7549668874172185,
        "precision": 0.735632183908046,
        "recall": 0.8205128205128205,
        "f1": 0.7757575757575758
      }
    },
    {
      "layer": 1,
      "best_C": 100.0,
      "train": {
        "accuracy": 0.8969957081545065,
        "precision": 0.8686131386861314,
        "recall": 0.952,
        "f1": 0.9083969465648855
      },
      "val": {
        "accuracy": 0.7181208053691275,
        "precision": 0.6741573033707865,
        "recall": 0.821917808219178,
        "f1": 0.7407407407407407
      },
      "test": {
        "accuracy": 0.8013245033112583,
        "precision": 0.7857142857142857,
        "recall": 0.8461538461538461,
        "f1": 0.8148148148148148
      }
    },
    {
      "layer": 2,
      "best_C": 100.0,
      "train": {
        "accuracy": 0.9113018597997139,
        "precision": 0.8845208845208845,
        "recall": 0.96,
        "f1": 0.9207161125319693
      },
      "val": {
        "accuracy": 0.7516778523489933,
        "precision": 0.7093023255813954,
        "recall": 0.8356164383561644,
        "f1": 0.7672955974842768
      },
      "test": {
        "accuracy": 0.7748344370860927,
        "precision": 0.7558139534883721,
        "recall": 0.8333333333333334,
        "f1": 0.7926829268292683
      }
    },
    {
      "layer": 3,
      "best_C": 100.0,
      "train": {
        "accuracy": 0.9370529327610873,
        "precision": 0.9168765743073047,
        "recall": 0.9706666666666667,
        "f1": 0.9430051813471503
      },
      "val": {
        "accuracy": 0.7449664429530202,
        "precision": 0.7011494252873564,
        "recall": 0.8356164383561644,
        "f1": 0.7625
      },
      "test": {
        "accuracy": 0.8278145695364238,
        "precision": 0.825,
        "recall": 0.8461538461538461,
        "f1": 0.8354430379746836
      }
    },
    {
      "layer": 4,
      "best_C": 100.0,
      "train": {
        "accuracy": 0.9628040057224606,
        "precision": 0.9462915601023018,
        "recall": 0.9866666666666667,
        "f1": 0.9660574412532638
      },
      "val": {
        "accuracy": 0.7516778523489933,
        "precision": 0.7093023255813954,
        "recall": 0.8356164383561644,
        "f1": 0.7672955974842768
      },
      "test": {
        "accuracy": 0.847682119205298,
        "precision": 0.8395061728395061,
        "recall": 0.8717948717948718,
        "f1": 0.8553459119496856
      }
    },
    {
      "layer": 5,
      "best_C": 100.0,
      "train": {
        "accuracy": 0.9685264663805436,
        "precision": 0.9537275064267352,
        "recall": 0.9893333333333333,
        "f1": 0.9712041884816754
      },
      "val": {
        "accuracy": 0.7651006711409396,
        "precision": 0.7159090909090909,
        "recall": 0.863013698630137,
        "f1": 0.782608695652174
      },
      "test": {
        "accuracy": 0.8410596026490066,
        "precision": 0.8461538461538461,
        "recall": 0.8461538461538461,
        "f1": 0.8461538461538461
      }
    },
    {
      "layer": 6,
      "best_C": 100.0,
      "train": {
        "accuracy": 0.9856938483547926,
        "precision": 0.974025974025974,
        "recall": 1.0,
        "f1": 0.9868421052631579
      },
      "val": {
        "accuracy": 0.8187919463087249,
        "precision": 0.7875,
        "recall": 0.863013698630137,
        "f1": 0.8235294117647058
      },
      "test": {
        "accuracy": 0.8543046357615894,
        "precision": 0.85,
        "recall": 0.8717948717948718,
        "f1": 0.8607594936708861
      }
    },
    {
      "layer": 7,
      "best_C": 10.0,
      "train": {
        "accuracy": 0.9642346208869814,
        "precision": 0.9419191919191919,
        "recall": 0.9946666666666667,
        "f1": 0.9675745784695201
      },
      "val": {
        "accuracy": 0.7919463087248322,
        "precision": 0.7560975609756098,
        "recall": 0.8493150684931506,
        "f1": 0.8
      },
      "test": {
        "accuracy": 0.8741721854304636,
        "precision": 0.8734177215189873,
        "recall": 0.8846153846153846,
        "f1": 0.8789808917197452
      }
    },
    {
      "layer": 8,
      "best_C": 10.0,
      "train": {
        "accuracy": 0.9699570815450643,
        "precision": 0.951530612244898,
        "recall": 0.9946666666666667,
        "f1": 0.9726205997392438
      },
      "val": {
        "accuracy": 0.8053691275167785,
        "precision": 0.7619047619047619,
        "recall": 0.8767123287671232,
        "f1": 0.8152866242038217
      },
      "test": {
        "accuracy": 0.8741721854304636,
        "precision": 0.8641975308641975,
        "recall": 0.8974358974358975,
        "f1": 0.8805031446540881
      }
    },
    {
      "layer": 9,
      "best_C": 100.0,
      "train": {
        "accuracy": 1.0,
        "precision": 1.0,
        "recall": 1.0,
        "f1": 1.0
      },
      "val": {
        "accuracy": 0.8456375838926175,
        "precision": 0.8125,
        "recall": 0.8904109589041096,
        "f1": 0.8496732026143791
      },
      "test": {
        "accuracy": 0.8741721854304636,
        "precision": 0.8641975308641975,
        "recall": 0.8974358974358975,
        "f1": 0.8805031446540881
      }
    },
    {
      "layer": 10,
      "best_C": 100.0,
      "train": {
        "accuracy": 1.0,
        "precision": 1.0,
        "recall": 1.0,
        "f1": 1.0
      },
      "val": {
        "accuracy": 0.8456375838926175,
        "precision": 0.8205128205128205,
        "recall": 0.8767123287671232,
        "f1": 0.847682119205298
      },
      "test": {
        "accuracy": 0.8543046357615894,
        "precision": 0.868421052631579,
        "recall": 0.8461538461538461,
        "f1": 0.8571428571428571
      }
    },
    {
      "layer": 11,
      "best_C": 10.0,
      "train": {
        "accuracy": 0.9928469241773963,
        "precision": 0.9868421052631579,
        "recall": 1.0,
        "f1": 0.9933774834437086
      },
      "val": {
        "accuracy": 0.7986577181208053,
        "precision": 0.7654320987654321,
        "recall": 0.8493150684931506,
        "f1": 0.8051948051948052
      },
      "test": {
        "accuracy": 0.8675496688741722,
        "precision": 0.9142857142857143,
        "recall": 0.8205128205128205,
        "f1": 0.8648648648648649
      }
    },
    {
      "layer": 12,
      "best_C": 100.0,
      "train": {
        "accuracy": 1.0,
        "precision": 1.0,
        "recall": 1.0,
        "f1": 1.0
      },
      "val": {
        "accuracy": 0.8187919463087249,
        "precision": 0.7875,
        "recall": 0.863013698630137,
        "f1": 0.8235294117647058
      },
      "test": {
        "accuracy": 0.8675496688741722,
        "precision": 0.881578947368421,
        "recall": 0.8589743589743589,
        "f1": 0.8701298701298701
      }
    },
    {
      "layer": 13,
      "best_C": 100.0,
      "train": {
        "accuracy": 1.0,