{
  "model_name": "allenai/Olmo-3-7B-Instruct",
  "n_layers": 32,
  "n_train": 700,
  "n_val": 150,
  "n_test": 150,
  "n_total": 1000,
  "n_correct": 838,
  "n_incorrect": 162,
  "correct_ratio": 83.8,
  "class_weight": "balanced",
  "indices_path": "/Users/antyabharahman/Downloads/Personal/final_research/paper_codebase/-rl-sft-reasoning/experiment_code/layerwise_linear_probe/balanced_outputs/270/olmo3/balanced_indices_Olmo-3-7B-Instruct.json",
  "probe_config": {
    "cv_folds": 5,
    "C_range": [
      0.01,
      0.1,
      1.0,
      10.0,
      100.0
    ],
    "max_iter": 5000,
    "random_state": 42,
    "solver": "lbfgs"
  },
  "layer_results": [
    {
      "layer": 0,
      "best_C": 100.0,
      "train": {
        "accuracy": 0.8171428571428572,
        "precision": 0.964,
        "recall": 0.8141891891891891,
        "f1": 0.8827838827838828
      },
      "val": {
        "accuracy": 0.7933333333333333,
        "precision": 0.9099099099099099,
        "recall": 0.8278688524590164,
        "f1": 0.8669527896995708
      },
      "test": {
        "accuracy": 0.7466666666666667,
        "precision": 0.9387755102040817,
        "recall": 0.7419354838709677,
        "f1": 0.8288288288288288
      }
    },
    {
      "layer": 1,
      "best_C": 100.0,
      "train": {
        "accuracy": 0.8985714285714286,
        "precision": 0.9833024118738405,
        "recall": 0.8952702702702703,
        "f1": 0.9372236958443855
      },
      "val": {
        "accuracy": 0.8533333333333334,
        "precision": 0.9310344827586207,
        "recall": 0.8852459016393442,
        "f1": 0.907563025210084
      },
      "test": {
        "accuracy": 0.8466666666666667,
        "precision": 0.9469026548672567,
        "recall": 0.8629032258064516,
        "f1": 0.9029535864978903
      }
    },
    {
      "layer": 2,
      "best_C": 100.0,
      "train": {
        "accuracy": 0.9242857142857143,
        "precision": 0.996316758747698,
        "recall": 0.9138513513513513,
        "f1": 0.9533039647577093
      },
      "val": {
        "accuracy": 0.88,
        "precision": 0.956140350877193,
        "recall": 0.8934426229508197,
        "f1": 0.923728813559322
      },
      "test": {
        "accuracy": 0.8466666666666667,
        "precision": 0.9391304347826087,
        "recall": 0.8709677419354839,
        "f1": 0.9037656903765691
      }
    },
    {
      "layer": 3,
      "best_C": 100.0,
      "train": {
        "accuracy": 0.9628571428571429,
        "precision": 1.0,
        "recall": 0.956081081081081,
        "f1": 0.9775474956822107
      },
      "val": {
        "accuracy": 0.9066666666666666,
        "precision": 0.9354838709677419,
        "recall": 0.9508196721311475,
        "f1": 0.943089430894309
      },
      "test": {
        "accuracy": 0.8933333333333333,
        "precision": 0.9576271186440678,
        "recall": 0.9112903225806451,
        "f1": 0.9338842975206612
      }
    },
    {
      "layer": 4,
      "best_C": 100.0,
      "train": {
        "accuracy": 0.9785714285714285,
        "precision": 1.0,
        "recall": 0.9746621621621622,
        "f1": 0.9871685201026519
      },
      "val": {
        "accuracy": 0.92,
        "precision": 0.9296875,
        "recall": 0.9754098360655737,
        "f1": 0.952
      },
      "test": {
        "accuracy": 0.9,
        "precision": 0.9504132231404959,
        "recall": 0.9274193548387096,
        "f1": 0.9387755102040817
      }
    },
    {
      "layer": 5,
      "best_C": 100.0,
      "train": {
        "accuracy": 0.9928571428571429,
        "precision": 1.0,
        "recall": 0.9915540540540541,
        "f1": 0.9957591178965225
      },
      "val": {
        "accuracy": 0.9466666666666667,
        "precision": 0.9596774193548387,
        "recall": 0.9754098360655737,
        "f1": 0.967479674796748
      },
      "test": {
        "accuracy": 0.94,
        "precision": 0.96,
        "recall": 0.967741935483871,
        "f1": 0.963855421686747
      }
    },
    {
      "layer": 6,
      "best_C": 100.0,
      "train": {
        "accuracy": 0.9985714285714286,
        "precision": 1.0,
        "recall": 0.9983108108108109,
        "f1": 0.9991546914623838
      },
      "val": {
        "accuracy": 0.9533333333333334,
        "precision": 0.96,
        "recall": 0.9836065573770492,
        "f1": 0.97165991902834
      },
      "test": {
        "accuracy": 0.9466666666666667,
        "precision": 0.967741935483871,
        "recall": 0.967741935483871,
        "f1": 0.967741935483871
      }
    },
    {
      "layer": 7,
      "best_C": 100.0,
      "train": {
        "accuracy": 1.0,
        "precision": 1.0,
        "recall": 1.0,
        "f1": 1.0
      },
      "val": {
        "accuracy": 0.94,
        "precision": 0.952,
        "recall": 0.9754098360655737,
        "f1": 0.9635627530364372
      },
      "test": {
        "accuracy": 0.94,
        "precision": 0.952755905511811,
        "recall": 0.9758064516129032,
        "f1": 0.9641434262948207
      }
    },
    {
      "layer": 8,
      "best_C": 100.0,
      "train": {
        "accuracy": 1.0,
        "precision": 1.0,
        "recall": 1.0,
        "f1": 1.0
      },
      "val": {
        "accuracy": 0.9666666666666667,
        "precision": 0.9606299212598425,
        "recall": 1.0,
        "f1": 0.9799196787148594
      },
      "test": {
        "accuracy": 0.9466666666666667,
        "precision": 0.9603174603174603,
        "recall": 0.9758064516129032,
        "f1": 0.968
      }
    },
    {
      "layer": 9,
      "best_C": 100.0,
      "train": {
        "accuracy": 1.0,
        "precision": 1.0,
        "recall": 1.0,
        "f1": 1.0
      },
      "val": {
        "accuracy": 0.94,
        "precision": 0.952,
        "recall": 0.9754098360655737,
        "f1": 0.9635627530364372
      },
      "test": {
        "accuracy": 0.9533333333333334,
        "precision": 0.9534883720930233,
        "recall": 0.9919354838709677,
        "f1": 0.9723320158102767
      }
    },
    {
      "layer": 10,
      "best_C": 100.0,
      "train": {
        "accuracy": 1.0,
        "precision": 1.0,
        "recall": 1.0,
        "f1": 1.0
      },
      "val": {
        "accuracy": 0.9733333333333334,
        "precision": 0.9682539682539683,
        "recall": 1.0,
        "f1": 0.9838709677419355
      },
      "test": {
        "accuracy": 0.9933333333333333,
        "precision": 1.0,
        "recall": 0.9919354838709677,
        "f1": 0.9959514170040485
      }
    },
    {
      "layer": 11,
      "best_C": 100.0,
      "train": {
        "accuracy": 1.0,
        "precision": 1.0,
        "recall": 1.0,
        "f1": 1.0
      },
      "val": {
        "accuracy": 0.96,
        "precision": 0.967741935483871,
        "recall": 0.9836065573770492,
        "f1": 0.975609756097561
      },
      "test": {
        "accuracy": 1.0,
        "precision": 1.0,
        "recall": 1.0,
        "f1": 1.0
      }
    },
    {
      "layer": 12,
      "best_C": 100.0,
      "train": {
        "accuracy": 1.0,
        "precision": 1.0,
        "recall": 1.0,
        "f1": 1.0
      },
      "val": {
        "accuracy": 0.9733333333333334,
        "precision": 0.9682539682539683,
        "recall": 1.0,
        "f1": 0.9838709677419355
      },
      "test": {
        "accuracy": 0.9933333333333333,
        "precision": 1.0,
        "recall": 0.9919354838709677,
        "f1": 0.9959514170040485
      }
    },
    {
      "layer": 13,
      "best_C": 100.0,
      "train": {
        "accuracy": 1.0,
        "precision": 1.0,
        "recall": 1.0,
        "f1": 1.0
      },
      "val": {
        "accuracy": 0.9666666666666667,
        "precision": 0.968,
        "recall": 0.9918032786885246,
        "f1": 0.979757085020243
      },
      "test": {
        "accuracy": 0.9866666666666667,
        "precision": 1.0,
        "recall": 0.9838709677419355,
        "f1": 0.991869918699187
      }
    },
    {
      "layer": 14,