{
  "model_name": "allenai/Olmo-3-7B-Think-SFT",
  "n_layers": 32,
  "n_train": 700,
  "n_val": 150,
  "n_test": 150,
  "n_total": 1000,
  "n_correct": 967,
  "n_incorrect": 33,
  "correct_ratio": 96.7,
  "class_weight": "balanced",
  "indices_path": "/Users/antyabharahman/Downloads/Personal/final_research/paper_codebase/-rl-sft-reasoning/experiment_code/layerwise_linear_probe/balanced_outputs/270/olmo3/balanced_indices_Olmo-3-7B-Think-SFT.json",
  "probe_config": {
    "cv_folds": 5,
    "C_range": [
      0.01,
      0.1,
      1.0,
      10.0,
      100.0
    ],
    "max_iter": 5000,
    "random_state": 42,
    "solver": "lbfgs"
  },
  "layer_results": [
    {
      "layer": 0,
      "best_C": 100.0,
      "train": {
        "accuracy": 0.9157142857142857,
        "precision": 0.9983844911147012,
        "recall": 0.9142011834319527,
        "f1": 0.9544401544401544
      },
      "val": {
        "accuracy": 0.9066666666666666,
        "precision": 0.9926470588235294,
        "recall": 0.9121621621621622,
        "f1": 0.9507042253521126
      },
      "test": {
        "accuracy": 0.92,
        "precision": 0.9851851851851852,
        "recall": 0.9300699300699301,
        "f1": 0.9568345323741008
      }
    },
    {
      "layer": 1,
      "best_C": 100.0,
      "train": {
        "accuracy": 0.9471428571428572,
        "precision": 1.0,
        "recall": 0.9452662721893491,
        "f1": 0.9718631178707224
      },
      "val": {
        "accuracy": 0.94,
        "precision": 1.0,
        "recall": 0.9391891891891891,
        "f1": 0.9686411149825784
      },
      "test": {
        "accuracy": 0.96,
        "precision": 0.9790209790209791,
        "recall": 0.9790209790209791,
        "f1": 0.9790209790209791
      }
    },
    {
      "layer": 2,
      "best_C": 100.0,
      "train": {
        "accuracy": 0.9685714285714285,
        "precision": 1.0,
        "recall": 0.9674556213017751,
        "f1": 0.9834586466165414
      },
      "val": {
        "accuracy": 0.94,
        "precision": 1.0,
        "recall": 0.9391891891891891,
        "f1": 0.9686411149825784
      },
      "test": {
        "accuracy": 0.9533333333333334,
        "precision": 0.9722222222222222,
        "recall": 0.9790209790209791,
        "f1": 0.975609756097561
      }
    },
    {
      "layer": 3,
      "best_C": 100.0,
      "train": {
        "accuracy": 0.9885714285714285,
        "precision": 1.0,
        "recall": 0.9881656804733728,
        "f1": 0.9940476190476191
      },
      "val": {
        "accuracy": 0.9666666666666667,
        "precision": 1.0,
        "recall": 0.9662162162162162,
        "f1": 0.9828178694158075
      },
      "test": {
        "accuracy": 0.96,
        "precision": 0.9790209790209791,
        "recall": 0.9790209790209791,
        "f1": 0.9790209790209791
      }
    },
    {
      "layer": 4,
      "best_C": 100.0,
      "train": {
        "accuracy": 0.9942857142857143,
        "precision": 1.0,
        "recall": 0.9940828402366864,
        "f1": 0.9970326409495549
      },
      "val": {
        "accuracy": 0.9733333333333334,
        "precision": 1.0,
        "recall": 0.972972972972973,
        "f1": 0.9863013698630136
      },
      "test": {
        "accuracy": 0.9666666666666667,
        "precision": 0.9726027397260274,
        "recall": 0.993006993006993,
        "f1": 0.9826989619377162
      }
    },
    {
      "layer": 5,
      "best_C": 100.0,
      "train": {
        "accuracy": 0.9971428571428571,
        "precision": 1.0,
        "recall": 0.9970414201183432,
        "f1": 0.9985185185185185
      },
      "val": {
        "accuracy": 0.98,
        "precision": 0.9931972789115646,
        "recall": 0.9864864864864865,
        "f1": 0.9898305084745763
      },
      "test": {
        "accuracy": 0.98,
        "precision": 0.9794520547945206,
        "recall": 1.0,
        "f1": 0.9896193771626297
      }
    },
    {
      "layer": 6,
      "best_C": 100.0,
      "train": {
        "accuracy": 0.9985714285714286,
        "precision": 1.0,
        "recall": 0.9985207100591716,
        "f1": 0.999259807549963
      },
      "val": {
        "accuracy": 0.9866666666666667,
        "precision": 1.0,
        "recall": 0.9864864864864865,
        "f1": 0.9931972789115646
      },
      "test": {
        "accuracy": 0.98,
        "precision": 0.9794520547945206,
        "recall": 1.0,
        "f1": 0.9896193771626297
      }
    },
    {
      "layer": 7,
      "best_C": 100.0,
      "train": {
        "accuracy": 1.0,
        "precision": 1.0,
        "recall": 1.0,
        "f1": 1.0
      },
      "val": {
        "accuracy": 1.0,
        "precision": 1.0,
        "recall": 1.0,
        "f1": 1.0
      },
      "test": {
        "accuracy": 0.9866666666666667,
        "precision": 0.9862068965517241,
        "recall": 1.0,
        "f1": 0.9930555555555556
      }
    },
    {
      "layer": 8,
      "best_C": 100.0,
      "train": {
        "accuracy": 1.0,
        "precision": 1.0,
        "recall": 1.0,
        "f1": 1.0
      },
      "val": {
        "accuracy": 0.9866666666666667,
        "precision": 0.9932432432432432,
        "recall": 0.9932432432432432,
        "f1": 0.9932432432432432
      },
      "test": {
        "accuracy": 0.9933333333333333,
        "precision": 0.9930555555555556,
        "recall": 1.0,
        "f1": 0.9965156794425087
      }
    },
    {
      "layer": 9,
      "best_C": 100.0,
      "train": {
        "accuracy": 1.0,
        "precision": 1.0,
        "recall": 1.0,
        "f1": 1.0
      },
      "val": {
        "accuracy": 0.9866666666666667,
        "precision": 0.9932432432432432,
        "recall": 0.9932432432432432,
        "f1": 0.9932432432432432
      },
      "test": {
        "accuracy": 0.9866666666666667,
        "precision": 0.9862068965517241,
        "recall": 1.0,
        "f1": 0.9930555555555556
      }
    },
    {
      "layer": 10,
      "best_C": 100.0,
      "train": {
        "accuracy": 1.0,
        "precision": 1.0,
        "recall": 1.0,
        "f1": 1.0
      },
      "val": {
        "accuracy": 0.9866666666666667,
        "precision": 0.9932432432432432,
        "recall": 0.9932432432432432,
        "f1": 0.9932432432432432
      },
      "test": {
        "accuracy": 0.9933333333333333,
        "precision": 0.9930555555555556,
        "recall": 1.0,
        "f1": 0.9965156794425087
      }
    },
    {
      "layer": 11,
      "best_C": 100.0,
      "train": {
        "accuracy": 1.0,
        "precision": 1.0,
        "recall": 1.0,
        "f1": 1.0
      },
      "val": {
        "accuracy": 0.9866666666666667,
        "precision": 0.9932432432432432,
        "recall": 0.9932432432432432,
        "f1": 0.9932432432432432
      },
      "test": {
        "accuracy": 0.9866666666666667,
        "precision": 0.9862068965517241,
        "recall": 1.0,
        "f1": 0.9930555555555556
      }
    },
    {
      "layer": 12,
      "best_C": 100.0,
      "train": {
        "accuracy": 1.0,
        "precision": 1.0,
        "recall": 1.0,
        "f1": 1.0
      },
      "val": {
        "accuracy": 0.9933333333333333,
        "precision": 0.9932885906040269,
        "recall": 1.0,
        "f1": 0.9966329966329966
      },
      "test": {
        "accuracy": 0.98,
        "precision": 0.9794520547945206,
        "recall": 1.0,
        "f1": 0.9896193771626297
      }
    },
    {
      "layer": 13,
      "best_C": 100.0,
      "train": {
        "accuracy": 1.0,
        "precision": 1.0,
        "recall": 1.0,
        "f1": 1.0
      },
      "val": {
        "accuracy": 0.9866666666666667,
        "precision": 0.9932432432432432,
        "recall": 0.9932432432432432,
        "f1": 0.9932432432432432
      },
      "test": {
        "accuracy": 0.98,
        "precision": 0.9794520547945206,
        "recall": 1.0,
        "f1": 0.9896193771626297
      }
    },
    {
      "layer": 14,
      "best_C": 10.0,
      "train": {
        "accuracy": 1.0,