{
  "model_name": "allenai/Olmo-3-7B-Think-SFT",
  "n_layers": 32,
  "n_train": 111,
  "n_val": 23,
  "n_test": 25,
  "n_balanced_total": 159,
  "n_balanced_correct": 126,
  "n_balanced_incorrect": 33,
  "balanced_indices_path": "/Users/antyabharahman/Downloads/Personal/final_research/paper_codebase/-rl-sft-reasoning/experiment_code/layerwise_linear_probe/balanced_outputs/270/olmo3/balanced_indices_Olmo-3-7B-Think-SFT.json",
  "probe_config": {
    "cv_folds": 5,
    "C_range": [
      0.01,
      0.1,
      1.0,
      10.0,
      100.0
    ],
    "max_iter": 5000,
    "random_state": 42,
    "solver": "lbfgs"
  },
  "layer_results": [
    {
      "layer": 0,
      "best_C": 100.0,
      "train": {
        "accuracy": 0.8648648648648649,
        "precision": 0.9375,
        "recall": 0.8823529411764706,
        "f1": 0.9090909090909091
      },
      "val": {
        "accuracy": 0.8695652173913043,
        "precision": 0.95,
        "recall": 0.9047619047619048,
        "f1": 0.926829268292683
      },
      "test": {
        "accuracy": 0.88,
        "precision": 0.9047619047619048,
        "recall": 0.95,
        "f1": 0.926829268292683
      }
    },
    {
      "layer": 1,
      "best_C": 100.0,
      "train": {
        "accuracy": 0.954954954954955,
        "precision": 0.9761904761904762,
        "recall": 0.9647058823529412,
        "f1": 0.9704142011834319
      },
      "val": {
        "accuracy": 0.8695652173913043,
        "precision": 0.95,
        "recall": 0.9047619047619048,
        "f1": 0.926829268292683
      },
      "test": {
        "accuracy": 0.84,
        "precision": 0.9,
        "recall": 0.9,
        "f1": 0.9
      }
    },
    {
      "layer": 2,
      "best_C": 100.0,
      "train": {
        "accuracy": 0.9819819819819819,
        "precision": 1.0,
        "recall": 0.9764705882352941,
        "f1": 0.9880952380952381
      },
      "val": {
        "accuracy": 0.7391304347826086,
        "precision": 0.9411764705882353,
        "recall": 0.7619047619047619,
        "f1": 0.8421052631578947
      },
      "test": {
        "accuracy": 0.84,
        "precision": 0.9,
        "recall": 0.9,
        "f1": 0.9
      }
    },
    {
      "layer": 3,
      "best_C": 100.0,
      "train": {
        "accuracy": 0.990990990990991,
        "precision": 1.0,
        "recall": 0.9882352941176471,
        "f1": 0.9940828402366864
      },
      "val": {
        "accuracy": 0.8695652173913043,
        "precision": 0.95,
        "recall": 0.9047619047619048,
        "f1": 0.926829268292683
      },
      "test": {
        "accuracy": 0.88,
        "precision": 0.9047619047619048,
        "recall": 0.95,
        "f1": 0.926829268292683
      }
    },
    {
      "layer": 4,
      "best_C": 100.0,
      "train": {
        "accuracy": 0.990990990990991,
        "precision": 1.0,
        "recall": 0.9882352941176471,
        "f1": 0.9940828402366864
      },
      "val": {
        "accuracy": 0.9130434782608695,
        "precision": 0.9523809523809523,
        "recall": 0.9523809523809523,
        "f1": 0.9523809523809523
      },
      "test": {
        "accuracy": 0.88,
        "precision": 0.9047619047619048,
        "recall": 0.95,
        "f1": 0.926829268292683
      }
    },
    {
      "layer": 5,
      "best_C": 100.0,
      "train": {
        "accuracy": 1.0,
        "precision": 1.0,
        "recall": 1.0,
        "f1": 1.0
      },
      "val": {
        "accuracy": 0.9130434782608695,
        "precision": 0.9523809523809523,
        "recall": 0.9523809523809523,
        "f1": 0.9523809523809523
      },
      "test": {
        "accuracy": 0.88,
        "precision": 0.9047619047619048,
        "recall": 0.95,
        "f1": 0.926829268292683
      }
    },
    {
      "layer": 6,
      "best_C": 100.0,
      "train": {
        "accuracy": 1.0,
        "precision": 1.0,
        "recall": 1.0,
        "f1": 1.0
      },
      "val": {
        "accuracy": 0.9130434782608695,
        "precision": 0.9523809523809523,
        "recall": 0.9523809523809523,
        "f1": 0.9523809523809523
      },
      "test": {
        "accuracy": 0.88,
        "precision": 0.8695652173913043,
        "recall": 1.0,
        "f1": 0.9302325581395349
      }
    },
    {
      "layer": 7,
      "best_C": 100.0,
      "train": {
        "accuracy": 1.0,
        "precision": 1.0,
        "recall": 1.0,
        "f1": 1.0
      },
      "val": {
        "accuracy": 0.9565217391304348,
        "precision": 1.0,
        "recall": 0.9523809523809523,
        "f1": 0.975609756097561
      },
      "test": {
        "accuracy": 0.88,
        "precision": 0.8695652173913043,
        "recall": 1.0,
        "f1": 0.9302325581395349
      }
    },
    {
      "layer": 8,
      "best_C": 100.0,
      "train": {
        "accuracy": 1.0,
        "precision": 1.0,
        "recall": 1.0,
        "f1": 1.0
      },
      "val": {
        "accuracy": 0.9130434782608695,
        "precision": 1.0,
        "recall": 0.9047619047619048,
        "f1": 0.95
      },
      "test": {
        "accuracy": 0.92,
        "precision": 0.9090909090909091,
        "recall": 1.0,
        "f1": 0.9523809523809523
      }
    },
    {
      "layer": 9,
      "best_C": 100.0,
      "train": {
        "accuracy": 1.0,
        "precision": 1.0,
        "recall": 1.0,
        "f1": 1.0
      },
      "val": {
        "accuracy": 0.9130434782608695,
        "precision": 1.0,
        "recall": 0.9047619047619048,
        "f1": 0.95
      },
      "test": {
        "accuracy": 0.92,
        "precision": 0.9090909090909091,
        "recall": 1.0,
        "f1": 0.9523809523809523
      }
    },
    {
      "layer": 10,
      "best_C": 100.0,
      "train": {
        "accuracy": 1.0,
        "precision": 1.0,
        "recall": 1.0,
        "f1": 1.0
      },
      "val": {
        "accuracy": 0.9130434782608695,
        "precision": 1.0,
        "recall": 0.9047619047619048,
        "f1": 0.95
      },
      "test": {
        "accuracy": 0.96,
        "precision": 0.9523809523809523,
        "recall": 1.0,
        "f1": 0.975609756097561
      }
    },
    {
      "layer": 11,
      "best_C": 10.0,
      "train": {
        "accuracy": 1.0,
        "precision": 1.0,
        "recall": 1.0,
        "f1": 1.0
      },
      "val": {
        "accuracy": 0.8695652173913043,
        "precision": 0.95,
        "recall": 0.9047619047619048,
        "f1": 0.926829268292683
      },
      "test": {
        "accuracy": 0.92,
        "precision": 0.9090909090909091,
        "recall": 1.0,
        "f1": 0.9523809523809523
      }
    },
    {
      "layer": 12,
      "best_C": 10.0,
      "train": {
        "accuracy": 1.0,
        "precision": 1.0,
        "recall": 1.0,
        "f1": 1.0
      },
      "val": {
        "accuracy": 0.8695652173913043,
        "precision": 0.95,
        "recall": 0.9047619047619048,
        "f1": 0.926829268292683
      },
      "test": {
        "accuracy": 0.92,
        "precision": 0.9090909090909091,
        "recall": 1.0,
        "f1": 0.9523809523809523
      }
    },
    {
      "layer": 13,
      "best_C": 10.0,
      "train": {
        "accuracy": 1.0,
        "precision": 1.0,
        "recall": 1.0,
        "f1": 1.0
      },
      "val": {
        "accuracy": 0.9130434782608695,
        "precision": 1.0,
        "recall": 0.9047619047619048,
        "f1": 0.95
      },
      "test": {
        "accuracy": 0.92,
        "precision": 0.9090909090909091,
        "recall": 1.0,
        "f1": 0.9523809523809523
      }
    },
    {
      "layer": 14,
      "best_C": 10.0,
      "train": {
        "accuracy": 1.0,
        "precision": 1.0,
        "recall": 1.0,
        "f1": 1.0
      },
      "val": {
        "accuracy": 0.9130434782608695,
        "precision": 1.0,
        "recall": 0.9047619047619048,
        "f1": 0.95
      },
      "test": {
        "accuracy": 0.96,
        "precision": 0.9523809523809523,
        "recall": 1.0,