{
  "model_name": "allenai/Olmo-3-7B-Think-DPO",
  "n_layers": 32,
  "n_train": 700,
  "n_val": 150,
  "n_test": 150,
  "n_total": 1000,
  "n_correct": 982,
  "n_incorrect": 18,
  "correct_ratio": 98.2,
  "class_weight": "balanced",
  "indices_path": "/Users/antyabharahman/Downloads/Personal/final_research/paper_codebase/-rl-sft-reasoning/experiment_code/layerwise_linear_probe/balanced_outputs/270/olmo3/balanced_indices_Olmo-3-7B-Think-DPO.json",
  "probe_config": {
    "cv_folds": 5,
    "C_range": [
      0.01,
      0.1,
      1.0,
      10.0,
      100.0
    ],
    "max_iter": 5000,
    "random_state": 42,
    "solver": "lbfgs"
  },
  "layer_results": [
    {
      "layer": 0,
      "best_C": 100.0,
      "train": {
        "accuracy": 0.9471428571428572,
        "precision": 1.0,
        "recall": 0.9460641399416909,
        "f1": 0.9722846441947566
      },
      "val": {
        "accuracy": 0.9533333333333334,
        "precision": 1.0,
        "recall": 0.9527027027027027,
        "f1": 0.9757785467128027
      },
      "test": {
        "accuracy": 0.9466666666666667,
        "precision": 1.0,
        "recall": 0.9459459459459459,
        "f1": 0.9722222222222222
      }
    },
    {
      "layer": 1,
      "best_C": 100.0,
      "train": {
        "accuracy": 0.9757142857142858,
        "precision": 1.0,
        "recall": 0.9752186588921283,
        "f1": 0.9874538745387453
      },
      "val": {
        "accuracy": 0.9733333333333334,
        "precision": 1.0,
        "recall": 0.972972972972973,
        "f1": 0.9863013698630136
      },
      "test": {
        "accuracy": 0.9666666666666667,
        "precision": 1.0,
        "recall": 0.9662162162162162,
        "f1": 0.9828178694158075
      }
    },
    {
      "layer": 2,
      "best_C": 100.0,
      "train": {
        "accuracy": 0.9871428571428571,
        "precision": 1.0,
        "recall": 0.9868804664723032,
        "f1": 0.9933969185619956
      },
      "val": {
        "accuracy": 0.9733333333333334,
        "precision": 1.0,
        "recall": 0.972972972972973,
        "f1": 0.9863013698630136
      },
      "test": {
        "accuracy": 0.9733333333333334,
        "precision": 1.0,
        "recall": 0.972972972972973,
        "f1": 0.9863013698630136
      }
    },
    {
      "layer": 3,
      "best_C": 100.0,
      "train": {
        "accuracy": 0.9914285714285714,
        "precision": 1.0,
        "recall": 0.9912536443148688,
        "f1": 0.9956076134699854
      },
      "val": {
        "accuracy": 0.9733333333333334,
        "precision": 0.9931506849315068,
        "recall": 0.9797297297297297,
        "f1": 0.9863945578231292
      },
      "test": {
        "accuracy": 0.98,
        "precision": 1.0,
        "recall": 0.9797297297297297,
        "f1": 0.9897610921501706
      }
    },
    {
      "layer": 4,
      "best_C": 100.0,
      "train": {
        "accuracy": 0.9957142857142857,
        "precision": 1.0,
        "recall": 0.9956268221574344,
        "f1": 0.997808619430241
      },
      "val": {
        "accuracy": 0.9733333333333334,
        "precision": 0.9931506849315068,
        "recall": 0.9797297297297297,
        "f1": 0.9863945578231292
      },
      "test": {
        "accuracy": 0.98,
        "precision": 1.0,
        "recall": 0.9797297297297297,
        "f1": 0.9897610921501706
      }
    },
    {
      "layer": 5,
      "best_C": 100.0,
      "train": {
        "accuracy": 0.9957142857142857,
        "precision": 1.0,
        "recall": 0.9956268221574344,
        "f1": 0.997808619430241
      },
      "val": {
        "accuracy": 0.9866666666666667,
        "precision": 0.9932432432432432,
        "recall": 0.9932432432432432,
        "f1": 0.9932432432432432
      },
      "test": {
        "accuracy": 0.98,
        "precision": 1.0,
        "recall": 0.9797297297297297,
        "f1": 0.9897610921501706
      }
    },
    {
      "layer": 6,
      "best_C": 100.0,
      "train": {
        "accuracy": 0.9971428571428571,
        "precision": 1.0,
        "recall": 0.9970845481049563,
        "f1": 0.9985401459854014
      },
      "val": {
        "accuracy": 0.9866666666666667,
        "precision": 0.9932432432432432,
        "recall": 0.9932432432432432,
        "f1": 0.9932432432432432
      },
      "test": {
        "accuracy": 1.0,
        "precision": 1.0,
        "recall": 1.0,
        "f1": 1.0
      }
    },
    {
      "layer": 7,
      "best_C": 100.0,
      "train": {
        "accuracy": 1.0,
        "precision": 1.0,
        "recall": 1.0,
        "f1": 1.0
      },
      "val": {
        "accuracy": 0.9866666666666667,
        "precision": 0.9932432432432432,
        "recall": 0.9932432432432432,
        "f1": 0.9932432432432432
      },
      "test": {
        "accuracy": 0.9933333333333333,
        "precision": 1.0,
        "recall": 0.9932432432432432,
        "f1": 0.9966101694915255
      }
    },
    {
      "layer": 8,
      "best_C": 100.0,
      "train": {
        "accuracy": 1.0,
        "precision": 1.0,
        "recall": 1.0,
        "f1": 1.0
      },
      "val": {
        "accuracy": 0.98,
        "precision": 0.9931972789115646,
        "recall": 0.9864864864864865,
        "f1": 0.9898305084745763
      },
      "test": {
        "accuracy": 1.0,
        "precision": 1.0,
        "recall": 1.0,
        "f1": 1.0
      }
    },
    {
      "layer": 9,
      "best_C": 10.0,
      "train": {
        "accuracy": 0.9971428571428571,
        "precision": 1.0,
        "recall": 0.9970845481049563,
        "f1": 0.9985401459854014
      },
      "val": {
        "accuracy": 0.98,
        "precision": 0.9931972789115646,
        "recall": 0.9864864864864865,
        "f1": 0.9898305084745763
      },
      "test": {
        "accuracy": 1.0,
        "precision": 1.0,
        "recall": 1.0,
        "f1": 1.0
      }
    },
    {
      "layer": 10,
      "best_C": 10.0,
      "train": {
        "accuracy": 0.9971428571428571,
        "precision": 1.0,
        "recall": 0.9970845481049563,
        "f1": 0.9985401459854014
      },
      "val": {
        "accuracy": 0.9733333333333334,
        "precision": 0.9864864864864865,
        "recall": 0.9864864864864865,
        "f1": 0.9864864864864865
      },
      "test": {
        "accuracy": 1.0,
        "precision": 1.0,
        "recall": 1.0,
        "f1": 1.0
      }
    },
    {
      "layer": 11,
      "best_C": 100.0,
      "train": {
        "accuracy": 1.0,
        "precision": 1.0,
        "recall": 1.0,
        "f1": 1.0
      },
      "val": {
        "accuracy": 0.9733333333333334,
        "precision": 0.9864864864864865,
        "recall": 0.9864864864864865,
        "f1": 0.9864864864864865
      },
      "test": {
        "accuracy": 1.0,
        "precision": 1.0,
        "recall": 1.0,
        "f1": 1.0
      }
    },
    {
      "layer": 12,
      "best_C": 10.0,
      "train": {
        "accuracy": 0.9971428571428571,
        "precision": 1.0,
        "recall": 0.9970845481049563,
        "f1": 0.9985401459854014
      },
      "val": {
        "accuracy": 0.98,
        "precision": 0.9931972789115646,
        "recall": 0.9864864864864865,
        "f1": 0.9898305084745763
      },
      "test": {
        "accuracy": 1.0,
        "precision": 1.0,
        "recall": 1.0,
        "f1": 1.0
      }
    },
    {
      "layer": 13,
      "best_C": 10.0,
      "train": {
        "accuracy": 0.9971428571428571,
        "precision": 1.0,
        "recall": 0.9970845481049563,
        "f1": 0.9985401459854014
      },
      "val": {
        "accuracy": 0.98,
        "precision": 0.9931972789115646,
        "recall": 0.9864864864864865,
        "f1": 0.9898305084745763
      },
      "test": {
        "accuracy": 1.0,
        "precision": 1.0,
        "recall": 1.0,
        "f1": 1.0
      }
    },
    {
      "layer": 14,
      "best_C": 10.0,
      "train": {
        "accuracy": 0.9985714285714286,
        "precision": 1.0,
        "recall": 0.9985422740524781,