{
  "model_name": "deepseek-ai/deepseek-math-7b-rl",
  "n_layers": 30,
  "n_train": 700,
  "n_val": 150,
  "n_test": 150,
  "n_total": 1000,
  "n_correct": 59,
  "n_incorrect": 941,
  "correct_ratio": 5.9,
  "class_weight": "balanced",
  "indices_path": "/Users/antyabharahman/Downloads/Personal/final_research/paper_codebase/-rl-sft-reasoning/experiment_code/layerwise_linear_probe/balanced_outputs/270/deepseek/balanced_indices_deepseek-math-7b-rl.json",
  "probe_config": {
    "cv_folds": 5,
    "C_range": [
      0.01,
      0.1,
      1.0,
      10.0,
      100.0
    ],
    "max_iter": 5000,
    "random_state": 42,
    "solver": "lbfgs"
  },
  "layer_results": [
    {
      "layer": 0,
      "best_C": 100.0,
      "train": {
        "accuracy": 0.9757142857142858,
        "precision": 0.6792452830188679,
        "recall": 1.0,
        "f1": 0.8089887640449438
      },
      "val": {
        "accuracy": 0.9066666666666666,
        "precision": 0.2857142857142857,
        "recall": 0.5,
        "f1": 0.36363636363636365
      },
      "test": {
        "accuracy": 0.88,
        "precision": 0.4117647058823529,
        "recall": 0.4666666666666667,
        "f1": 0.4375
      }
    },
    {
      "layer": 1,
      "best_C": 100.0,
      "train": {
        "accuracy": 0.9985714285714286,
        "precision": 0.972972972972973,
        "recall": 1.0,
        "f1": 0.9863013698630136
      },
      "val": {
        "accuracy": 0.94,
        "precision": 0.45454545454545453,
        "recall": 0.625,
        "f1": 0.5263157894736842
      },
      "test": {
        "accuracy": 0.9133333333333333,
        "precision": 0.5833333333333334,
        "recall": 0.4666666666666667,
        "f1": 0.5185185185185185
      }
    },
    {
      "layer": 2,
      "best_C": 100.0,
      "train": {
        "accuracy": 1.0,
        "precision": 1.0,
        "recall": 1.0,
        "f1": 1.0
      },
      "val": {
        "accuracy": 0.9333333333333333,
        "precision": 0.4166666666666667,
        "recall": 0.625,
        "f1": 0.5
      },
      "test": {
        "accuracy": 0.9266666666666666,
        "precision": 0.625,
        "recall": 0.6666666666666666,
        "f1": 0.6451612903225806
      }
    },
    {
      "layer": 3,
      "best_C": 100.0,
      "train": {
        "accuracy": 1.0,
        "precision": 1.0,
        "recall": 1.0,
        "f1": 1.0
      },
      "val": {
        "accuracy": 0.9333333333333333,
        "precision": 0.4,
        "recall": 0.5,
        "f1": 0.4444444444444444
      },
      "test": {
        "accuracy": 0.9266666666666666,
        "precision": 0.6428571428571429,
        "recall": 0.6,
        "f1": 0.6206896551724138
      }
    },
    {
      "layer": 4,
      "best_C": 100.0,
      "train": {
        "accuracy": 1.0,
        "precision": 1.0,
        "recall": 1.0,
        "f1": 1.0
      },
      "val": {
        "accuracy": 0.94,
        "precision": 0.45454545454545453,
        "recall": 0.625,
        "f1": 0.5263157894736842
      },
      "test": {
        "accuracy": 0.9333333333333333,
        "precision": 0.6923076923076923,
        "recall": 0.6,
        "f1": 0.6428571428571429
      }
    },
    {
      "layer": 5,
      "best_C": 10.0,
      "train": {
        "accuracy": 1.0,
        "precision": 1.0,
        "recall": 1.0,
        "f1": 1.0
      },
      "val": {
        "accuracy": 0.9133333333333333,
        "precision": 0.3333333333333333,
        "recall": 0.625,
        "f1": 0.43478260869565216
      },
      "test": {
        "accuracy": 0.92,
        "precision": 0.6153846153846154,
        "recall": 0.5333333333333333,
        "f1": 0.5714285714285714
      }
    },
    {
      "layer": 6,
      "best_C": 10.0,
      "train": {
        "accuracy": 1.0,
        "precision": 1.0,
        "recall": 1.0,
        "f1": 1.0
      },
      "val": {
        "accuracy": 0.92,
        "precision": 0.375,
        "recall": 0.75,
        "f1": 0.5
      },
      "test": {
        "accuracy": 0.9333333333333333,
        "precision": 0.6666666666666666,
        "recall": 0.6666666666666666,
        "f1": 0.6666666666666666
      }
    },
    {
      "layer": 7,
      "best_C": 100.0,
      "train": {
        "accuracy": 1.0,
        "precision": 1.0,
        "recall": 1.0,
        "f1": 1.0
      },
      "val": {
        "accuracy": 0.92,
        "precision": 0.375,
        "recall": 0.75,
        "f1": 0.5
      },
      "test": {
        "accuracy": 0.9333333333333333,
        "precision": 0.6923076923076923,
        "recall": 0.6,
        "f1": 0.6428571428571429
      }
    },
    {
      "layer": 8,
      "best_C": 10.0,
      "train": {
        "accuracy": 1.0,
        "precision": 1.0,
        "recall": 1.0,
        "f1": 1.0
      },
      "val": {
        "accuracy": 0.94,
        "precision": 0.45454545454545453,
        "recall": 0.625,
        "f1": 0.5263157894736842
      },
      "test": {
        "accuracy": 0.9266666666666666,
        "precision": 0.6428571428571429,
        "recall": 0.6,
        "f1": 0.6206896551724138
      }
    },
    {
      "layer": 9,
      "best_C": 10.0,
      "train": {
        "accuracy": 1.0,
        "precision": 1.0,
        "recall": 1.0,
        "f1": 1.0
      },
      "val": {
        "accuracy": 0.9533333333333334,
        "precision": 0.5454545454545454,
        "recall": 0.75,
        "f1": 0.631578947368421
      },
      "test": {
        "accuracy": 0.9133333333333333,
        "precision": 0.5625,
        "recall": 0.6,
        "f1": 0.5806451612903226
      }
    },
    {
      "layer": 10,
      "best_C": 100.0,
      "train": {
        "accuracy": 1.0,
        "precision": 1.0,
        "recall": 1.0,
        "f1": 1.0
      },
      "val": {
        "accuracy": 0.9466666666666667,
        "precision": 0.5,
        "recall": 0.875,
        "f1": 0.6363636363636364
      },
      "test": {
        "accuracy": 0.9133333333333333,
        "precision": 0.5833333333333334,
        "recall": 0.4666666666666667,
        "f1": 0.5185185185185185
      }
    },
    {
      "layer": 11,
      "best_C": 10.0,
      "train": {
        "accuracy": 1.0,
        "precision": 1.0,
        "recall": 1.0,
        "f1": 1.0
      },
      "val": {
        "accuracy": 0.94,
        "precision": 0.46153846153846156,
        "recall": 0.75,
        "f1": 0.5714285714285714
      },
      "test": {
        "accuracy": 0.9,
        "precision": 0.5,
        "recall": 0.4666666666666667,
        "f1": 0.4827586206896552
      }
    },
    {
      "layer": 12,
      "best_C": 0.1,
      "train": {
        "accuracy": 1.0,
        "precision": 1.0,
        "recall": 1.0,
        "f1": 1.0
      },
      "val": {
        "accuracy": 0.9266666666666666,
        "precision": 0.4,
        "recall": 0.75,
        "f1": 0.5217391304347826
      },
      "test": {
        "accuracy": 0.9,
        "precision": 0.5,
        "recall": 0.4,
        "f1": 0.4444444444444444
      }
    },
    {
      "layer": 13,
      "best_C": 10.0,
      "train": {
        "accuracy": 1.0,
        "precision": 1.0,
        "recall": 1.0,
        "f1": 1.0
      },
      "val": {
        "accuracy": 0.92,
        "precision": 0.3333333333333333,
        "recall": 0.5,
        "f1": 0.4
      },
      "test": {
        "accuracy": 0.92,
        "precision": 0.6153846153846154,
        "recall": 0.5333333333333333,
        "f1": 0.5714285714285714
      }
    },
    {
      "layer": 14,
      "best_C": 1.0,
      "train": {
        "accuracy": 1.0,
        "precision": 1.0,
        "recall": 1.0,
        "f1": 1.0
      },
      "val": {
        "accuracy": 0.9266666666666666,
        "precision": 0.38461538461538464,
        "recall": 0.625,
        "f1": 0.47619047619047616
      },
      "test": {
        "accuracy": 0.8866666666666667,
        "precision": 0.42857142857142855,
        "recall": 0.4,
        "f1": 0.41379310344827586
      }
    },
    {
      "layer": 15,
      "best_C": 0.1,