{
  "model_name": "deepseek-ai/deepseek-math-7b-instruct",
  "n_layers": 30,
  "n_train": 700,
  "n_val": 150,
  "n_test": 150,
  "n_total": 1000,
  "n_correct": 37,
  "n_incorrect": 963,
  "correct_ratio": 3.7,
  "class_weight": "balanced",
  "indices_path": "/Users/antyabharahman/Downloads/Personal/final_research/paper_codebase/-rl-sft-reasoning/experiment_code/layerwise_linear_probe/balanced_outputs/270/deepseek/balanced_indices_deepseek-math-7b-instruct.json",
  "probe_config": {
    "cv_folds": 5,
    "C_range": [
      0.01,
      0.1,
      1.0,
      10.0,
      100.0
    ],
    "max_iter": 5000,
    "random_state": 42,
    "solver": "lbfgs"
  },
  "layer_results": [
    {
      "layer": 0,
      "best_C": 100.0,
      "train": {
        "accuracy": 0.9685714285714285,
        "precision": 0.5,
        "recall": 1.0,
        "f1": 0.6666666666666666
      },
      "val": {
        "accuracy": 0.92,
        "precision": 0.16666666666666666,
        "recall": 0.5,
        "f1": 0.25
      },
      "test": {
        "accuracy": 0.8866666666666667,
        "precision": 0.2,
        "recall": 0.18181818181818182,
        "f1": 0.19047619047619047
      }
    },
    {
      "layer": 1,
      "best_C": 100.0,
      "train": {
        "accuracy": 0.9971428571428571,
        "precision": 0.9166666666666666,
        "recall": 1.0,
        "f1": 0.9565217391304348
      },
      "val": {
        "accuracy": 0.94,
        "precision": 0.14285714285714285,
        "recall": 0.25,
        "f1": 0.18181818181818182
      },
      "test": {
        "accuracy": 0.9066666666666666,
        "precision": 0.2857142857142857,
        "recall": 0.18181818181818182,
        "f1": 0.2222222222222222
      }
    },
    {
      "layer": 2,
      "best_C": 100.0,
      "train": {
        "accuracy": 1.0,
        "precision": 1.0,
        "recall": 1.0,
        "f1": 1.0
      },
      "val": {
        "accuracy": 0.9733333333333334,
        "precision": 0.5,
        "recall": 0.5,
        "f1": 0.5
      },
      "test": {
        "accuracy": 0.9066666666666666,
        "precision": 0.2857142857142857,
        "recall": 0.18181818181818182,
        "f1": 0.2222222222222222
      }
    },
    {
      "layer": 3,
      "best_C": 100.0,
      "train": {
        "accuracy": 1.0,
        "precision": 1.0,
        "recall": 1.0,
        "f1": 1.0
      },
      "val": {
        "accuracy": 0.9733333333333334,
        "precision": 0.5,
        "recall": 0.25,
        "f1": 0.3333333333333333
      },
      "test": {
        "accuracy": 0.92,
        "precision": 0.3333333333333333,
        "recall": 0.09090909090909091,
        "f1": 0.14285714285714285
      }
    },
    {
      "layer": 4,
      "best_C": 100.0,
      "train": {
        "accuracy": 1.0,
        "precision": 1.0,
        "recall": 1.0,
        "f1": 1.0
      },
      "val": {
        "accuracy": 0.98,
        "precision": 1.0,
        "recall": 0.25,
        "f1": 0.4
      },
      "test": {
        "accuracy": 0.92,
        "precision": 0.42857142857142855,
        "recall": 0.2727272727272727,
        "f1": 0.3333333333333333
      }
    },
    {
      "layer": 5,
      "best_C": 100.0,
      "train": {
        "accuracy": 1.0,
        "precision": 1.0,
        "recall": 1.0,
        "f1": 1.0
      },
      "val": {
        "accuracy": 0.9733333333333334,
        "precision": 0.5,
        "recall": 0.25,
        "f1": 0.3333333333333333
      },
      "test": {
        "accuracy": 0.94,
        "precision": 0.75,
        "recall": 0.2727272727272727,
        "f1": 0.4
      }
    },
    {
      "layer": 6,
      "best_C": 10.0,
      "train": {
        "accuracy": 1.0,
        "precision": 1.0,
        "recall": 1.0,
        "f1": 1.0
      },
      "val": {
        "accuracy": 0.9666666666666667,
        "precision": 0.0,
        "recall": 0.0,
        "f1": 0.0
      },
      "test": {
        "accuracy": 0.9266666666666666,
        "precision": 0.5,
        "recall": 0.18181818181818182,
        "f1": 0.26666666666666666
      }
    },
    {
      "layer": 7,
      "best_C": 100.0,
      "train": {
        "accuracy": 1.0,
        "precision": 1.0,
        "recall": 1.0,
        "f1": 1.0
      },
      "val": {
        "accuracy": 0.98,
        "precision": 1.0,
        "recall": 0.25,
        "f1": 0.4
      },
      "test": {
        "accuracy": 0.9333333333333333,
        "precision": 0.6,
        "recall": 0.2727272727272727,
        "f1": 0.375
      }
    },
    {
      "layer": 8,
      "best_C": 10.0,
      "train": {
        "accuracy": 1.0,
        "precision": 1.0,
        "recall": 1.0,
        "f1": 1.0
      },
      "val": {
        "accuracy": 0.9733333333333334,
        "precision": 0.0,
        "recall": 0.0,
        "f1": 0.0
      },
      "test": {
        "accuracy": 0.92,
        "precision": 0.42857142857142855,
        "recall": 0.2727272727272727,
        "f1": 0.3333333333333333
      }
    },
    {
      "layer": 9,
      "best_C": 1.0,
      "train": {
        "accuracy": 1.0,
        "precision": 1.0,
        "recall": 1.0,
        "f1": 1.0
      },
      "val": {
        "accuracy": 0.96,
        "precision": 0.0,
        "recall": 0.0,
        "f1": 0.0
      },
      "test": {
        "accuracy": 0.9266666666666666,
        "precision": 0.5,
        "recall": 0.45454545454545453,
        "f1": 0.47619047619047616
      }
    },
    {
      "layer": 10,
      "best_C": 10.0,
      "train": {
        "accuracy": 1.0,
        "precision": 1.0,
        "recall": 1.0,
        "f1": 1.0
      },
      "val": {
        "accuracy": 0.9666666666666667,
        "precision": 0.0,
        "recall": 0.0,
        "f1": 0.0
      },
      "test": {
        "accuracy": 0.9266666666666666,
        "precision": 0.5,
        "recall": 0.18181818181818182,
        "f1": 0.26666666666666666
      }
    },
    {
      "layer": 11,
      "best_C": 100.0,
      "train": {
        "accuracy": 1.0,
        "precision": 1.0,
        "recall": 1.0,
        "f1": 1.0
      },
      "val": {
        "accuracy": 0.9666666666666667,
        "precision": 0.0,
        "recall": 0.0,
        "f1": 0.0
      },
      "test": {
        "accuracy": 0.9333333333333333,
        "precision": 0.6,
        "recall": 0.2727272727272727,
        "f1": 0.375
      }
    },
    {
      "layer": 12,
      "best_C": 10.0,
      "train": {
        "accuracy": 1.0,
        "precision": 1.0,
        "recall": 1.0,
        "f1": 1.0
      },
      "val": {
        "accuracy": 0.9733333333333334,
        "precision": 0.0,
        "recall": 0.0,
        "f1": 0.0
      },
      "test": {
        "accuracy": 0.94,
        "precision": 1.0,
        "recall": 0.18181818181818182,
        "f1": 0.3076923076923077
      }
    },
    {
      "layer": 13,
      "best_C": 10.0,
      "train": {
        "accuracy": 1.0,
        "precision": 1.0,
        "recall": 1.0,
        "f1": 1.0
      },
      "val": {
        "accuracy": 0.9733333333333334,
        "precision": 0.0,
        "recall": 0.0,
        "f1": 0.0
      },
      "test": {
        "accuracy": 0.9266666666666666,
        "precision": 0.0,
        "recall": 0.0,
        "f1": 0.0
      }
    },
    {
      "layer": 14,
      "best_C": 1.0,
      "train": {
        "accuracy": 1.0,
        "precision": 1.0,
        "recall": 1.0,
        "f1": 1.0
      },
      "val": {
        "accuracy": 0.9666666666666667,
        "precision": 0.0,
        "recall": 0.0,
        "f1": 0.0
      },
      "test": {
        "accuracy": 0.92,
        "precision": 0.0,
        "recall": 0.0,
        "f1": 0.0
      }
    },
    {
      "layer": 15,
      "best_C": 10.0,
      "train": {
        "accuracy": 1.0,
        "precision": 1.0,
        "recall": 1.0,
        "f1": 1.0
      },
      "val": {
        "accuracy": 0.96,
        "precision": 0.0,
        "recall": 0.0,
        "f1": 0.0
      },
      "test": {
        "accuracy": 0.9266666666666666,
        "precision": 0.0,