{
  "model_name": "deepseek-ai/deepseek-math-7b-base",
  "n_layers": 30,
  "n_train": 548,
  "n_val": 117,
  "n_test": 119,
  "n_balanced_total": 784,
  "n_balanced_correct": 26,
  "n_balanced_incorrect": 758,
  "balanced_indices_path": "/Users/antyabharahman/Downloads/Personal/final_research/paper_codebase/-rl-sft-reasoning/experiment_code/layerwise_linear_probe/balanced_outputs/270/deepseek/balanced_indices_deepseek-math-7b-base.json",
  "probe_config": {
    "cv_folds": 5,
    "C_range": [
      0.01,
      0.1,
      1.0,
      10.0,
      100.0
    ],
    "max_iter": 5000,
    "random_state": 42,
    "solver": "lbfgs"
  },
  "layer_results": [
    {
      "layer": 0,
      "best_C": 100.0,
      "train": {
        "accuracy": 0.9963503649635036,
        "precision": 0.8823529411764706,
        "recall": 1.0,
        "f1": 0.9375
      },
      "val": {
        "accuracy": 0.8888888888888888,
        "precision": 0.0,
        "recall": 0.0,
        "f1": 0.0
      },
      "test": {
        "accuracy": 0.9159663865546218,
        "precision": 0.0,
        "recall": 0.0,
        "f1": 0.0
      }
    },
    {
      "layer": 1,
      "best_C": 10.0,
      "train": {
        "accuracy": 0.9945255474452555,
        "precision": 0.8333333333333334,
        "recall": 1.0,
        "f1": 0.9090909090909091
      },
      "val": {
        "accuracy": 0.905982905982906,
        "precision": 0.0,
        "recall": 0.0,
        "f1": 0.0
      },
      "test": {
        "accuracy": 0.9243697478991597,
        "precision": 0.25,
        "recall": 0.4,
        "f1": 0.3076923076923077
      }
    },
    {
      "layer": 2,
      "best_C": 100.0,
      "train": {
        "accuracy": 1.0,
        "precision": 1.0,
        "recall": 1.0,
        "f1": 1.0
      },
      "val": {
        "accuracy": 0.8888888888888888,
        "precision": 0.0,
        "recall": 0.0,
        "f1": 0.0
      },
      "test": {
        "accuracy": 0.9495798319327731,
        "precision": 0.4,
        "recall": 0.4,
        "f1": 0.4
      }
    },
    {
      "layer": 3,
      "best_C": 100.0,
      "train": {
        "accuracy": 1.0,
        "precision": 1.0,
        "recall": 1.0,
        "f1": 1.0
      },
      "val": {
        "accuracy": 0.8888888888888888,
        "precision": 0.0,
        "recall": 0.0,
        "f1": 0.0
      },
      "test": {
        "accuracy": 0.9327731092436975,
        "precision": 0.2857142857142857,
        "recall": 0.4,
        "f1": 0.3333333333333333
      }
    },
    {
      "layer": 4,
      "best_C": 100.0,
      "train": {
        "accuracy": 1.0,
        "precision": 1.0,
        "recall": 1.0,
        "f1": 1.0
      },
      "val": {
        "accuracy": 0.9145299145299145,
        "precision": 0.0,
        "recall": 0.0,
        "f1": 0.0
      },
      "test": {
        "accuracy": 0.9243697478991597,
        "precision": 0.0,
        "recall": 0.0,
        "f1": 0.0
      }
    },
    {
      "layer": 5,
      "best_C": 10.0,
      "train": {
        "accuracy": 1.0,
        "precision": 1.0,
        "recall": 1.0,
        "f1": 1.0
      },
      "val": {
        "accuracy": 0.905982905982906,
        "precision": 0.0,
        "recall": 0.0,
        "f1": 0.0
      },
      "test": {
        "accuracy": 0.9495798319327731,
        "precision": 0.4,
        "recall": 0.4,
        "f1": 0.4
      }
    },
    {
      "layer": 6,
      "best_C": 10.0,
      "train": {
        "accuracy": 1.0,
        "precision": 1.0,
        "recall": 1.0,
        "f1": 1.0
      },
      "val": {
        "accuracy": 0.9145299145299145,
        "precision": 0.0,
        "recall": 0.0,
        "f1": 0.0
      },
      "test": {
        "accuracy": 0.9495798319327731,
        "precision": 0.3333333333333333,
        "recall": 0.2,
        "f1": 0.25
      }
    },
    {
      "layer": 7,
      "best_C": 1.0,
      "train": {
        "accuracy": 1.0,
        "precision": 1.0,
        "recall": 1.0,
        "f1": 1.0
      },
      "val": {
        "accuracy": 0.905982905982906,
        "precision": 0.0,
        "recall": 0.0,
        "f1": 0.0
      },
      "test": {
        "accuracy": 0.9327731092436975,
        "precision": 0.0,
        "recall": 0.0,
        "f1": 0.0
      }
    },
    {
      "layer": 8,
      "best_C": 1.0,
      "train": {
        "accuracy": 1.0,
        "precision": 1.0,
        "recall": 1.0,
        "f1": 1.0
      },
      "val": {
        "accuracy": 0.905982905982906,
        "precision": 0.0,
        "recall": 0.0,
        "f1": 0.0
      },
      "test": {
        "accuracy": 0.9411764705882353,
        "precision": 0.0,
        "recall": 0.0,
        "f1": 0.0
      }
    },
    {
      "layer": 9,
      "best_C": 10.0,
      "train": {
        "accuracy": 1.0,
        "precision": 1.0,
        "recall": 1.0,
        "f1": 1.0
      },
      "val": {
        "accuracy": 0.905982905982906,
        "precision": 0.0,
        "recall": 0.0,
        "f1": 0.0
      },
      "test": {
        "accuracy": 0.9411764705882353,
        "precision": 0.0,
        "recall": 0.0,
        "f1": 0.0
      }
    },
    {
      "layer": 10,
      "best_C": 1.0,
      "train": {
        "accuracy": 1.0,
        "precision": 1.0,
        "recall": 1.0,
        "f1": 1.0
      },
      "val": {
        "accuracy": 0.905982905982906,
        "precision": 0.0,
        "recall": 0.0,
        "f1": 0.0
      },
      "test": {
        "accuracy": 0.9411764705882353,
        "precision": 0.0,
        "recall": 0.0,
        "f1": 0.0
      }
    },
    {
      "layer": 11,
      "best_C": 10.0,
      "train": {
        "accuracy": 1.0,
        "precision": 1.0,
        "recall": 1.0,
        "f1": 1.0
      },
      "val": {
        "accuracy": 0.9230769230769231,
        "precision": 0.0,
        "recall": 0.0,
        "f1": 0.0
      },
      "test": {
        "accuracy": 0.9495798319327731,
        "precision": 0.0,
        "recall": 0.0,
        "f1": 0.0
      }
    },
    {
      "layer": 12,
      "best_C": 1.0,
      "train": {
        "accuracy": 1.0,
        "precision": 1.0,
        "recall": 1.0,
        "f1": 1.0
      },
      "val": {
        "accuracy": 0.9230769230769231,
        "precision": 0.0,
        "recall": 0.0,
        "f1": 0.0
      },
      "test": {
        "accuracy": 0.9495798319327731,
        "precision": 0.0,
        "recall": 0.0,
        "f1": 0.0
      }
    },
    {
      "layer": 13,
      "best_C": 1.0,
      "train": {
        "accuracy": 1.0,
        "precision": 1.0,
        "recall": 1.0,
        "f1": 1.0
      },
      "val": {
        "accuracy": 0.9230769230769231,
        "precision": 0.0,
        "recall": 0.0,
        "f1": 0.0
      },
      "test": {
        "accuracy": 0.9495798319327731,
        "precision": 0.0,
        "recall": 0.0,
        "f1": 0.0
      }
    },
    {
      "layer": 14,
      "best_C": 10.0,
      "train": {
        "accuracy": 1.0,
        "precision": 1.0,
        "recall": 1.0,
        "f1": 1.0
      },
      "val": {
        "accuracy": 0.9316239316239316,
        "precision": 0.0,
        "recall": 0.0,
        "f1": 0.0
      },
      "test": {
        "accuracy": 0.9411764705882353,
        "precision": 0.0,
        "recall": 0.0,
        "f1": 0.0
      }
    },
    {
      "layer": 15,
      "best_C": 1.0,
      "train": {
        "accuracy": 1.0,
        "precision": 1.0,
        "recall": 1.0,
        "f1": 1.0
      },
      "val": {
        "accuracy": 0.9316239316239316,
        "precision": 0.0,
        "recall": 0.0,
        "f1": 0.0
      },
      "test": {
        "accuracy": 0.9495798319327731,
        "precision": 0.0,
        "recall": 0.0,
        "f1": 0.0
      }
    },
    {
      "layer": 16,
      "best_C": 0.1,
      "train": {
        "accuracy": 1.0,
        "precision": 1.0,
        "recall": 1.0,
        "f1": 1.0
      },
      "val": {
        "accuracy": 0.9316239316239316,
        "precision": 0.0,
        "recall": 0.0,