{
  "model_name": "allenai/Olmo-3-7B-RLZero-Math",
  "n_layers": 32,
  "n_train": 674,
  "n_val": 144,
  "n_test": 146,
  "n_total": 964,
  "n_correct": 610,
  "n_incorrect": 354,
  "correct_ratio": 63.3,
  "class_weight": "balanced",
  "indices_path": "/Users/antyabharahman/Downloads/Personal/final_research/paper_codebase/-rl-sft-reasoning/experiment_code/layerwise_linear_probe/balanced_outputs/942/olmo3/balanced_indices_Olmo-3-7B-RLZero-Math.json",
  "probe_config": {
    "cv_folds": 5,
    "C_range": [
      0.01,
      0.1,
      1.0,
      10.0,
      100.0
    ],
    "max_iter": 5000,
    "random_state": 42,
    "solver": "lbfgs"
  },
  "layer_results": [
    {
      "layer": 0,
      "best_C": 10.0,
      "train": {
        "accuracy": 0.8204747774480712,
        "precision": 0.8564593301435407,
        "recall": 0.8544152744630071,
        "f1": 0.8554360812425329
      },
      "val": {
        "accuracy": 0.7708333333333334,
        "precision": 0.8333333333333334,
        "recall": 0.8247422680412371,
        "f1": 0.8290155440414507
      },
      "test": {
        "accuracy": 0.8356164383561644,
        "precision": 0.9069767441860465,
        "recall": 0.8297872340425532,
        "f1": 0.8666666666666667
      }
    },
    {
      "layer": 1,
      "best_C": 100.0,
      "train": {
        "accuracy": 0.9198813056379822,
        "precision": 0.9176201372997712,
        "recall": 0.9570405727923628,
        "f1": 0.9369158878504673
      },
      "val": {
        "accuracy": 0.7569444444444444,
        "precision": 0.7980769230769231,
        "recall": 0.8556701030927835,
        "f1": 0.8258706467661692
      },
      "test": {
        "accuracy": 0.815068493150685,
        "precision": 0.8526315789473684,
        "recall": 0.8617021276595744,
        "f1": 0.8571428571428571
      }
    },
    {
      "layer": 2,
      "best_C": 10.0,
      "train": {
        "accuracy": 0.8768545994065282,
        "precision": 0.8853211009174312,
        "recall": 0.9212410501193318,
        "f1": 0.9029239766081871
      },
      "val": {
        "accuracy": 0.7638888888888888,
        "precision": 0.8118811881188119,
        "recall": 0.845360824742268,
        "f1": 0.8282828282828283
      },
      "test": {
        "accuracy": 0.821917808219178,
        "precision": 0.8541666666666666,
        "recall": 0.8723404255319149,
        "f1": 0.8631578947368421
      }
    },
    {
      "layer": 3,
      "best_C": 10.0,
      "train": {
        "accuracy": 0.8946587537091988,
        "precision": 0.8954545454545455,
        "recall": 0.9403341288782816,
        "f1": 0.9173457508731082
      },
      "val": {
        "accuracy": 0.7361111111111112,
        "precision": 0.8041237113402062,
        "recall": 0.8041237113402062,
        "f1": 0.8041237113402062
      },
      "test": {
        "accuracy": 0.821917808219178,
        "precision": 0.8469387755102041,
        "recall": 0.8829787234042553,
        "f1": 0.8645833333333334
      }
    },
    {
      "layer": 4,
      "best_C": 10.0,
      "train": {
        "accuracy": 0.9124629080118695,
        "precision": 0.9090909090909091,
        "recall": 0.954653937947494,
        "f1": 0.9313154831199069
      },
      "val": {
        "accuracy": 0.7291666666666666,
        "precision": 0.7959183673469388,
        "recall": 0.8041237113402062,
        "f1": 0.8
      },
      "test": {
        "accuracy": 0.821917808219178,
        "precision": 0.8469387755102041,
        "recall": 0.8829787234042553,
        "f1": 0.8645833333333334
      }
    },
    {
      "layer": 5,
      "best_C": 10.0,
      "train": {
        "accuracy": 0.9287833827893175,
        "precision": 0.9303944315545244,
        "recall": 0.9570405727923628,
        "f1": 0.9435294117647058
      },
      "val": {
        "accuracy": 0.7569444444444444,
        "precision": 0.8163265306122449,
        "recall": 0.8247422680412371,
        "f1": 0.8205128205128205
      },
      "test": {
        "accuracy": 0.8287671232876712,
        "precision": 0.8556701030927835,
        "recall": 0.8829787234042553,
        "f1": 0.8691099476439791
      }
    },
    {
      "layer": 6,
      "best_C": 1.0,
      "train": {
        "accuracy": 0.8694362017804155,
        "precision": 0.8822170900692841,
        "recall": 0.9116945107398569,
        "f1": 0.8967136150234741
      },
      "val": {
        "accuracy": 0.7291666666666666,
        "precision": 0.8020833333333334,
        "recall": 0.7938144329896907,
        "f1": 0.7979274611398963
      },
      "test": {
        "accuracy": 0.8424657534246576,
        "precision": 0.8901098901098901,
        "recall": 0.8617021276595744,
        "f1": 0.8756756756756757
      }
    },
    {
      "layer": 7,
      "best_C": 0.1,
      "train": {
        "accuracy": 0.7967359050445104,
        "precision": 0.8525,
        "recall": 0.8138424821002387,
        "f1": 0.8327228327228328
      },
      "val": {
        "accuracy": 0.7777777777777778,
        "precision": 0.8571428571428571,
        "recall": 0.8041237113402062,
        "f1": 0.8297872340425532
      },
      "test": {
        "accuracy": 0.8424657534246576,
        "precision": 0.9080459770114943,
        "recall": 0.8404255319148937,
        "f1": 0.8729281767955801
      }
    },
    {
      "layer": 8,
      "best_C": 1.0,
      "train": {
        "accuracy": 0.887240356083086,
        "precision": 0.8997668997668997,
        "recall": 0.9212410501193318,
        "f1": 0.910377358490566
      },
      "val": {
        "accuracy": 0.7361111111111112,
        "precision": 0.8105263157894737,
        "recall": 0.7938144329896907,
        "f1": 0.8020833333333334
      },
      "test": {
        "accuracy": 0.7808219178082192,
        "precision": 0.8163265306122449,
        "recall": 0.851063829787234,
        "f1": 0.8333333333333334
      }
    },
    {
      "layer": 9,
      "best_C": 1.0,
      "train": {
        "accuracy": 0.9094955489614244,
        "precision": 0.9162790697674419,
        "recall": 0.9403341288782816,
        "f1": 0.928150765606596
      },
      "val": {
        "accuracy": 0.7638888888888888,
        "precision": 0.8181818181818182,
        "recall": 0.8350515463917526,
        "f1": 0.826530612244898
      },
      "test": {
        "accuracy": 0.7945205479452054,
        "precision": 0.826530612244898,
        "recall": 0.8617021276595744,
        "f1": 0.84375
      }
    },
    {
      "layer": 10,
      "best_C": 1.0,
      "train": {
        "accuracy": 0.9332344213649851,
        "precision": 0.9389671361502347,
        "recall": 0.954653937947494,
        "f1": 0.9467455621301775
      },
      "val": {
        "accuracy": 0.7847222222222222,
        "precision": 0.8367346938775511,
        "recall": 0.845360824742268,
        "f1": 0.841025641025641
      },
      "test": {
        "accuracy": 0.8013698630136986,
        "precision": 0.8217821782178217,
        "recall": 0.8829787234042553,
        "f1": 0.8512820512820513
      }
    },
    {
      "layer": 11,
      "best_C": 1.0,
      "train": {
        "accuracy": 0.9406528189910979,
        "precision": 0.9479905437352246,
        "recall": 0.9570405727923628,
        "f1": 0.9524940617577197
      },
      "val": {
        "accuracy": 0.8125,
        "precision": 0.8645833333333334,
        "recall": 0.8556701030927835,
        "f1": 0.8601036269430051
      },
      "test": {
        "accuracy": 0.7808219178082192,
        "precision": 0.8163265306122449,
        "recall": 0.851063829787234,
        "f1": 0.8333333333333334
      }
    },
    {
      "layer": 12,
      "best_C": 1.0,
      "train": {
        "accuracy": 0.9554896142433235,
        "precision": 0.9598108747044918,
        "recall": 0.9689737470167065,
        "f1": 0.9643705463182898
      },
      "val": {
        "accuracy": 0.7847222222222222,
        "precision": 0.84375,
        "recall": 0.8350515463917526,
        "f1": 0.8393782383419689
      },