{
  "model_name": "allenai/Olmo-3-7B-Instruct",
  "n_layers": 32,
  "n_train": 700,
  "n_val": 150,
  "n_test": 150,
  "n_total": 1000,
  "n_correct": 810,
  "n_incorrect": 190,
  "correct_ratio": 81.0,
  "class_weight": "balanced",
  "indices_path": "/Users/antyabharahman/Downloads/Personal/final_research/paper_codebase/-rl-sft-reasoning/experiment_code/layerwise_linear_probe/balanced_outputs/942/olmo3/balanced_indices_Olmo-3-7B-Instruct.json",
  "probe_config": {
    "cv_folds": 5,
    "C_range": [
      0.01,
      0.1,
      1.0,
      10.0,
      100.0
    ],
    "max_iter": 5000,
    "random_state": 42,
    "solver": "lbfgs"
  },
  "layer_results": [
    {
      "layer": 0,
      "best_C": 100.0,
      "train": {
        "accuracy": 0.7657142857142857,
        "precision": 0.9311827956989247,
        "recall": 0.7663716814159292,
        "f1": 0.8407766990291262
      },
      "val": {
        "accuracy": 0.8066666666666666,
        "precision": 0.9017857142857143,
        "recall": 0.8487394957983193,
        "f1": 0.8744588744588745
      },
      "test": {
        "accuracy": 0.74,
        "precision": 0.9142857142857143,
        "recall": 0.7619047619047619,
        "f1": 0.8311688311688312
      }
    },
    {
      "layer": 1,
      "best_C": 100.0,
      "train": {
        "accuracy": 0.8442857142857143,
        "precision": 0.9634146341463414,
        "recall": 0.8389380530973451,
        "f1": 0.8968779564806055
      },
      "val": {
        "accuracy": 0.7733333333333333,
        "precision": 0.9047619047619048,
        "recall": 0.7983193277310925,
        "f1": 0.8482142857142857
      },
      "test": {
        "accuracy": 0.76,
        "precision": 0.9090909090909091,
        "recall": 0.7936507936507936,
        "f1": 0.847457627118644
      }
    },
    {
      "layer": 2,
      "best_C": 100.0,
      "train": {
        "accuracy": 0.8814285714285715,
        "precision": 0.9762845849802372,
        "recall": 0.8743362831858407,
        "f1": 0.9225023342670402
      },
      "val": {
        "accuracy": 0.7466666666666667,
        "precision": 0.900990099009901,
        "recall": 0.7647058823529411,
        "f1": 0.8272727272727273
      },
      "test": {
        "accuracy": 0.7466666666666667,
        "precision": 0.9230769230769231,
        "recall": 0.7619047619047619,
        "f1": 0.8347826086956521
      }
    },
    {
      "layer": 3,
      "best_C": 100.0,
      "train": {
        "accuracy": 0.93,
        "precision": 0.9923664122137404,
        "recall": 0.9203539823008849,
        "f1": 0.9550045913682277
      },
      "val": {
        "accuracy": 0.78,
        "precision": 0.8981481481481481,
        "recall": 0.8151260504201681,
        "f1": 0.8546255506607929
      },
      "test": {
        "accuracy": 0.78,
        "precision": 0.911504424778761,
        "recall": 0.8174603174603174,
        "f1": 0.8619246861924686
      }
    },
    {
      "layer": 4,
      "best_C": 100.0,
      "train": {
        "accuracy": 0.9485714285714286,
        "precision": 0.994392523364486,
        "recall": 0.9415929203539823,
        "f1": 0.9672727272727273
      },
      "val": {
        "accuracy": 0.8133333333333334,
        "precision": 0.8956521739130435,
        "recall": 0.865546218487395,
        "f1": 0.8803418803418803
      },
      "test": {
        "accuracy": 0.7733333333333333,
        "precision": 0.9181818181818182,
        "recall": 0.8015873015873016,
        "f1": 0.8559322033898306
      }
    },
    {
      "layer": 5,
      "best_C": 100.0,
      "train": {
        "accuracy": 0.98,
        "precision": 1.0,
        "recall": 0.9752212389380531,
        "f1": 0.9874551971326165
      },
      "val": {
        "accuracy": 0.8266666666666667,
        "precision": 0.9043478260869565,
        "recall": 0.8739495798319328,
        "f1": 0.8888888888888888
      },
      "test": {
        "accuracy": 0.8266666666666667,
        "precision": 0.9166666666666666,
        "recall": 0.873015873015873,
        "f1": 0.8943089430894309
      }
    },
    {
      "layer": 6,
      "best_C": 100.0,
      "train": {
        "accuracy": 0.99,
        "precision": 1.0,
        "recall": 0.9876106194690265,
        "f1": 0.993766696349065
      },
      "val": {
        "accuracy": 0.8333333333333334,
        "precision": 0.9051724137931034,
        "recall": 0.8823529411764706,
        "f1": 0.8936170212765957
      },
      "test": {
        "accuracy": 0.82,
        "precision": 0.9090909090909091,
        "recall": 0.873015873015873,
        "f1": 0.8906882591093117
      }
    },
    {
      "layer": 7,
      "best_C": 100.0,
      "train": {
        "accuracy": 0.9971428571428571,
        "precision": 1.0,
        "recall": 0.9964601769911504,
        "f1": 0.99822695035461
      },
      "val": {
        "accuracy": 0.9,
        "precision": 0.9262295081967213,
        "recall": 0.9495798319327731,
        "f1": 0.9377593360995851
      },
      "test": {
        "accuracy": 0.86,
        "precision": 0.92,
        "recall": 0.9126984126984127,
        "f1": 0.9163346613545816
      }
    },
    {
      "layer": 8,
      "best_C": 100.0,
      "train": {
        "accuracy": 0.9985714285714286,
        "precision": 1.0,
        "recall": 0.9982300884955753,
        "f1": 0.9991142604074402
      },
      "val": {
        "accuracy": 0.8933333333333333,
        "precision": 0.9256198347107438,
        "recall": 0.9411764705882353,
        "f1": 0.9333333333333333
      },
      "test": {
        "accuracy": 0.8533333333333334,
        "precision": 0.9333333333333333,
        "recall": 0.8888888888888888,
        "f1": 0.9105691056910569
      }
    },
    {
      "layer": 9,
      "best_C": 10.0,
      "train": {
        "accuracy": 0.9785714285714285,
        "precision": 0.9981884057971014,
        "recall": 0.9752212389380531,
        "f1": 0.9865711727842436
      },
      "val": {
        "accuracy": 0.8733333333333333,
        "precision": 0.923728813559322,
        "recall": 0.9159663865546218,
        "f1": 0.919831223628692
      },
      "test": {
        "accuracy": 0.8666666666666667,
        "precision": 0.9416666666666667,
        "recall": 0.8968253968253969,
        "f1": 0.9186991869918699
      }
    },
    {
      "layer": 10,
      "best_C": 100.0,
      "train": {
        "accuracy": 1.0,
        "precision": 1.0,
        "recall": 1.0,
        "f1": 1.0
      },
      "val": {
        "accuracy": 0.92,
        "precision": 0.9349593495934959,
        "recall": 0.9663865546218487,
        "f1": 0.9504132231404959
      },
      "test": {
        "accuracy": 0.9066666666666666,
        "precision": 0.9516129032258065,
        "recall": 0.9365079365079365,
        "f1": 0.944
      }
    },
    {
      "layer": 11,
      "best_C": 10.0,
      "train": {
        "accuracy": 0.9914285714285714,
        "precision": 1.0,
        "recall": 0.9893805309734514,
        "f1": 0.994661921708185
      },
      "val": {
        "accuracy": 0.9133333333333333,
        "precision": 0.9416666666666667,
        "recall": 0.9495798319327731,
        "f1": 0.9456066945606695
      },
      "test": {
        "accuracy": 0.9333333333333333,
        "precision": 0.953125,
        "recall": 0.9682539682539683,
        "f1": 0.9606299212598425
      }
    },
    {
      "layer": 12,
      "best_C": 100.0,
      "train": {
        "accuracy": 1.0,
        "precision": 1.0,
        "recall": 1.0,
        "f1": 1.0
      },
      "val": {
        "accuracy": 0.9066666666666666,
        "precision": 0.9338842975206612,
        "recall": 0.9495798319327731,
        "f1": 0.9416666666666667
      },
      "test": {
        "accuracy": 0.9333333333333333,
        "precision": 0.9603174603174603,
        "recall": 0.9603174603174603,
        "f1": 0.9603174603174603
      }
    },
    {
      "layer": 13,
      "best_C": 10.0,
      "train": {
        "accuracy": 0.9985714285714286,
        "precision": 1.0,