{
  "model_name": "allenai/Olmo-3-7B-Think-DPO",
  "n_layers": 32,
  "n_train": 700,
  "n_val": 150,
  "n_test": 150,
  "n_total": 1000,
  "n_correct": 997,
  "n_incorrect": 3,
  "correct_ratio": 99.7,
  "class_weight": "balanced",
  "indices_path": "/Users/antyabharahman/Downloads/Personal/final_research/paper_codebase/-rl-sft-reasoning/experiment_code/layerwise_linear_probe/balanced_outputs/942/olmo3/balanced_indices_Olmo-3-7B-Think-DPO.json",
  "probe_config": {
    "cv_folds": 5,
    "C_range": [
      0.01,
      0.1,
      1.0,
      10.0,
      100.0
    ],
    "max_iter": 5000,
    "random_state": 42,
    "solver": "lbfgs"
  },
  "layer_results": [
    {
      "layer": 0,
      "best_C": 100.0,
      "train": {
        "accuracy": 0.9728571428571429,
        "precision": 1.0,
        "recall": 0.9728183118741058,
        "f1": 0.9862218999274837
      },
      "val": {
        "accuracy": 0.9466666666666667,
        "precision": 0.993006993006993,
        "recall": 0.9530201342281879,
        "f1": 0.9726027397260274
      },
      "test": {
        "accuracy": 0.9266666666666666,
        "precision": 0.9928571428571429,
        "recall": 0.9328859060402684,
        "f1": 0.9619377162629758
      }
    },
    {
      "layer": 1,
      "best_C": 100.0,
      "train": {
        "accuracy": 0.99,
        "precision": 1.0,
        "recall": 0.9899856938483548,
        "f1": 0.9949676491732566
      },
      "val": {
        "accuracy": 0.9933333333333333,
        "precision": 0.9933333333333333,
        "recall": 1.0,
        "f1": 0.9966555183946488
      },
      "test": {
        "accuracy": 0.9733333333333334,
        "precision": 0.9931972789115646,
        "recall": 0.9798657718120806,
        "f1": 0.9864864864864865
      }
    },
    {
      "layer": 2,
      "best_C": 100.0,
      "train": {
        "accuracy": 0.9885714285714285,
        "precision": 1.0,
        "recall": 0.9885550786838341,
        "f1": 0.9942446043165467
      },
      "val": {
        "accuracy": 0.9933333333333333,
        "precision": 0.9933333333333333,
        "recall": 1.0,
        "f1": 0.9966555183946488
      },
      "test": {
        "accuracy": 0.98,
        "precision": 0.9932432432432432,
        "recall": 0.9865771812080537,
        "f1": 0.98989898989899
      }
    },
    {
      "layer": 3,
      "best_C": 100.0,
      "train": {
        "accuracy": 1.0,
        "precision": 1.0,
        "recall": 1.0,
        "f1": 1.0
      },
      "val": {
        "accuracy": 0.9933333333333333,
        "precision": 0.9933333333333333,
        "recall": 1.0,
        "f1": 0.9966555183946488
      },
      "test": {
        "accuracy": 0.9933333333333333,
        "precision": 0.9933333333333333,
        "recall": 1.0,
        "f1": 0.9966555183946488
      }
    },
    {
      "layer": 4,
      "best_C": 100.0,
      "train": {
        "accuracy": 1.0,
        "precision": 1.0,
        "recall": 1.0,
        "f1": 1.0
      },
      "val": {
        "accuracy": 0.9933333333333333,
        "precision": 0.9933333333333333,
        "recall": 1.0,
        "f1": 0.9966555183946488
      },
      "test": {
        "accuracy": 0.9933333333333333,
        "precision": 0.9933333333333333,
        "recall": 1.0,
        "f1": 0.9966555183946488
      }
    },
    {
      "layer": 5,
      "best_C": 10.0,
      "train": {
        "accuracy": 1.0,
        "precision": 1.0,
        "recall": 1.0,
        "f1": 1.0
      },
      "val": {
        "accuracy": 0.9933333333333333,
        "precision": 0.9933333333333333,
        "recall": 1.0,
        "f1": 0.9966555183946488
      },
      "test": {
        "accuracy": 0.9866666666666667,
        "precision": 0.9932885906040269,
        "recall": 0.9932885906040269,
        "f1": 0.9932885906040269
      }
    },
    {
      "layer": 6,
      "best_C": 10.0,
      "train": {
        "accuracy": 1.0,
        "precision": 1.0,
        "recall": 1.0,
        "f1": 1.0
      },
      "val": {
        "accuracy": 0.9933333333333333,
        "precision": 0.9933333333333333,
        "recall": 1.0,
        "f1": 0.9966555183946488
      },
      "test": {
        "accuracy": 0.9933333333333333,
        "precision": 0.9933333333333333,
        "recall": 1.0,
        "f1": 0.9966555183946488
      }
    },
    {
      "layer": 7,
      "best_C": 10.0,
      "train": {
        "accuracy": 1.0,
        "precision": 1.0,
        "recall": 1.0,
        "f1": 1.0
      },
      "val": {
        "accuracy": 0.9933333333333333,
        "precision": 0.9933333333333333,
        "recall": 1.0,
        "f1": 0.9966555183946488
      },
      "test": {
        "accuracy": 0.9933333333333333,
        "precision": 0.9933333333333333,
        "recall": 1.0,
        "f1": 0.9966555183946488
      }
    },
    {
      "layer": 8,
      "best_C": 10.0,
      "train": {
        "accuracy": 1.0,
        "precision": 1.0,
        "recall": 1.0,
        "f1": 1.0
      },
      "val": {
        "accuracy": 0.9933333333333333,
        "precision": 0.9933333333333333,
        "recall": 1.0,
        "f1": 0.9966555183946488
      },
      "test": {
        "accuracy": 0.9933333333333333,
        "precision": 0.9933333333333333,
        "recall": 1.0,
        "f1": 0.9966555183946488
      }
    },
    {
      "layer": 9,
      "best_C": 1.0,
      "train": {
        "accuracy": 1.0,
        "precision": 1.0,
        "recall": 1.0,
        "f1": 1.0
      },
      "val": {
        "accuracy": 0.9933333333333333,
        "precision": 0.9933333333333333,
        "recall": 1.0,
        "f1": 0.9966555183946488
      },
      "test": {
        "accuracy": 0.9933333333333333,
        "precision": 0.9933333333333333,
        "recall": 1.0,
        "f1": 0.9966555183946488
      }
    },
    {
      "layer": 10,
      "best_C": 1.0,
      "train": {
        "accuracy": 1.0,
        "precision": 1.0,
        "recall": 1.0,
        "f1": 1.0
      },
      "val": {
        "accuracy": 0.9933333333333333,
        "precision": 0.9933333333333333,
        "recall": 1.0,
        "f1": 0.9966555183946488
      },
      "test": {
        "accuracy": 0.9933333333333333,
        "precision": 0.9933333333333333,
        "recall": 1.0,
        "f1": 0.9966555183946488
      }
    },
    {
      "layer": 11,
      "best_C": 1.0,
      "train": {
        "accuracy": 1.0,
        "precision": 1.0,
        "recall": 1.0,
        "f1": 1.0
      },
      "val": {
        "accuracy": 0.9933333333333333,
        "precision": 0.9933333333333333,
        "recall": 1.0,
        "f1": 0.9966555183946488
      },
      "test": {
        "accuracy": 0.9933333333333333,
        "precision": 0.9933333333333333,
        "recall": 1.0,
        "f1": 0.9966555183946488
      }
    },
    {
      "layer": 12,
      "best_C": 1.0,
      "train": {
        "accuracy": 1.0,
        "precision": 1.0,
        "recall": 1.0,
        "f1": 1.0
      },
      "val": {
        "accuracy": 0.9933333333333333,
        "precision": 0.9933333333333333,
        "recall": 1.0,
        "f1": 0.9966555183946488
      },
      "test": {
        "accuracy": 0.9933333333333333,
        "precision": 0.9933333333333333,
        "recall": 1.0,
        "f1": 0.9966555183946488
      }
    },
    {
      "layer": 13,
      "best_C": 1.0,
      "train": {
        "accuracy": 1.0,
        "precision": 1.0,
        "recall": 1.0,
        "f1": 1.0
      },
      "val": {
        "accuracy": 0.9933333333333333,
        "precision": 0.9933333333333333,
        "recall": 1.0,
        "f1": 0.9966555183946488
      },
      "test": {
        "accuracy": 0.9933333333333333,
        "precision": 0.9933333333333333,
        "recall": 1.0,
        "f1": 0.9966555183946488
      }
    },
    {
      "layer": 14,
      "best_C": 1.0,
      "train": {
        "accuracy": 1.0,
        "precision": 1.0,
        "recall": 1.0,
        "f1": 1.0
      },
      "val": {
        "accuracy": 0.9933333333333333,