{
  "model_name": "allenai/Olmo-3-7B-Think-SFT",
  "n_layers": 32,
  "n_train": 700,
  "n_val": 150,
  "n_test": 150,
  "n_total": 1000,
  "n_correct": 980,
  "n_incorrect": 20,
  "correct_ratio": 98.0,
  "class_weight": "balanced",
  "indices_path": "/Users/antyabharahman/Downloads/Personal/final_research/paper_codebase/-rl-sft-reasoning/experiment_code/layerwise_linear_probe/balanced_outputs/942/olmo3/balanced_indices_Olmo-3-7B-Think-SFT.json",
  "probe_config": {
    "cv_folds": 5,
    "C_range": [
      0.01,
      0.1,
      1.0,
      10.0,
      100.0
    ],
    "max_iter": 5000,
    "random_state": 42,
    "solver": "lbfgs"
  },
  "layer_results": [
    {
      "layer": 0,
      "best_C": 0.01,
      "train": {
        "accuracy": 0.8642857142857143,
        "precision": 0.9884105960264901,
        "recall": 0.8715328467153285,
        "f1": 0.9262994569433669
      },
      "val": {
        "accuracy": 0.8733333333333333,
        "precision": 0.9849624060150376,
        "recall": 0.8851351351351351,
        "f1": 0.9323843416370107
      },
      "test": {
        "accuracy": 0.8866666666666667,
        "precision": 0.9850746268656716,
        "recall": 0.8979591836734694,
        "f1": 0.9395017793594306
      }
    },
    {
      "layer": 1,
      "best_C": 100.0,
      "train": {
        "accuracy": 0.9471428571428572,
        "precision": 1.0,
        "recall": 0.945985401459854,
        "f1": 0.9722430607651913
      },
      "val": {
        "accuracy": 0.9133333333333333,
        "precision": 0.9856115107913669,
        "recall": 0.9256756756756757,
        "f1": 0.9547038327526133
      },
      "test": {
        "accuracy": 0.8933333333333333,
        "precision": 0.9781021897810219,
        "recall": 0.9115646258503401,
        "f1": 0.9436619718309859
      }
    },
    {
      "layer": 2,
      "best_C": 100.0,
      "train": {
        "accuracy": 0.9757142857142858,
        "precision": 1.0,
        "recall": 0.9751824817518249,
        "f1": 0.9874353288987435
      },
      "val": {
        "accuracy": 0.94,
        "precision": 0.986013986013986,
        "recall": 0.9527027027027027,
        "f1": 0.9690721649484536
      },
      "test": {
        "accuracy": 0.9266666666666666,
        "precision": 0.9788732394366197,
        "recall": 0.9455782312925171,
        "f1": 0.9619377162629758
      }
    },
    {
      "layer": 3,
      "best_C": 100.0,
      "train": {
        "accuracy": 0.9914285714285714,
        "precision": 1.0,
        "recall": 0.9912408759124087,
        "f1": 0.9956011730205279
      },
      "val": {
        "accuracy": 0.96,
        "precision": 0.9863013698630136,
        "recall": 0.972972972972973,
        "f1": 0.9795918367346939
      },
      "test": {
        "accuracy": 0.9533333333333334,
        "precision": 0.9794520547945206,
        "recall": 0.9727891156462585,
        "f1": 0.9761092150170648
      }
    },
    {
      "layer": 4,
      "best_C": 100.0,
      "train": {
        "accuracy": 0.9957142857142857,
        "precision": 1.0,
        "recall": 0.9956204379562044,
        "f1": 0.9978054133138259
      },
      "val": {
        "accuracy": 0.9666666666666667,
        "precision": 0.9863945578231292,
        "recall": 0.9797297297297297,
        "f1": 0.9830508474576272
      },
      "test": {
        "accuracy": 0.96,
        "precision": 0.9795918367346939,
        "recall": 0.9795918367346939,
        "f1": 0.9795918367346939
      }
    },
    {
      "layer": 5,
      "best_C": 100.0,
      "train": {
        "accuracy": 0.9985714285714286,
        "precision": 1.0,
        "recall": 0.9985401459854014,
        "f1": 0.9992695398100804
      },
      "val": {
        "accuracy": 0.98,
        "precision": 0.9865771812080537,
        "recall": 0.9932432432432432,
        "f1": 0.98989898989899
      },
      "test": {
        "accuracy": 0.96,
        "precision": 0.9795918367346939,
        "recall": 0.9795918367346939,
        "f1": 0.9795918367346939
      }
    },
    {
      "layer": 6,
      "best_C": 100.0,
      "train": {
        "accuracy": 0.9985714285714286,
        "precision": 1.0,
        "recall": 0.9985401459854014,
        "f1": 0.9992695398100804
      },
      "val": {
        "accuracy": 0.98,
        "precision": 0.9865771812080537,
        "recall": 0.9932432432432432,
        "f1": 0.98989898989899
      },
      "test": {
        "accuracy": 0.9666666666666667,
        "precision": 0.9797297297297297,
        "recall": 0.9863945578231292,
        "f1": 0.9830508474576272
      }
    },
    {
      "layer": 7,
      "best_C": 100.0,
      "train": {
        "accuracy": 0.9985714285714286,
        "precision": 1.0,
        "recall": 0.9985401459854014,
        "f1": 0.9992695398100804
      },
      "val": {
        "accuracy": 0.9866666666666667,
        "precision": 0.9866666666666667,
        "recall": 1.0,
        "f1": 0.9932885906040269
      },
      "test": {
        "accuracy": 0.9666666666666667,
        "precision": 0.9797297297297297,
        "recall": 0.9863945578231292,
        "f1": 0.9830508474576272
      }
    },
    {
      "layer": 8,
      "best_C": 10.0,
      "train": {
        "accuracy": 0.9957142857142857,
        "precision": 1.0,
        "recall": 0.9956204379562044,
        "f1": 0.9978054133138259
      },
      "val": {
        "accuracy": 0.9866666666666667,
        "precision": 0.9866666666666667,
        "recall": 1.0,
        "f1": 0.9932885906040269
      },
      "test": {
        "accuracy": 0.96,
        "precision": 0.9795918367346939,
        "recall": 0.9795918367346939,
        "f1": 0.9795918367346939
      }
    },
    {
      "layer": 9,
      "best_C": 10.0,
      "train": {
        "accuracy": 0.9971428571428571,
        "precision": 1.0,
        "recall": 0.997080291970803,
        "f1": 0.9985380116959064
      },
      "val": {
        "accuracy": 0.9866666666666667,
        "precision": 0.9866666666666667,
        "recall": 1.0,
        "f1": 0.9932885906040269
      },
      "test": {
        "accuracy": 0.9666666666666667,
        "precision": 0.9797297297297297,
        "recall": 0.9863945578231292,
        "f1": 0.9830508474576272
      }
    },
    {
      "layer": 10,
      "best_C": 100.0,
      "train": {
        "accuracy": 1.0,
        "precision": 1.0,
        "recall": 1.0,
        "f1": 1.0
      },
      "val": {
        "accuracy": 0.9866666666666667,
        "precision": 0.9866666666666667,
        "recall": 1.0,
        "f1": 0.9932885906040269
      },
      "test": {
        "accuracy": 0.98,
        "precision": 0.98,
        "recall": 1.0,
        "f1": 0.98989898989899
      }
    },
    {
      "layer": 11,
      "best_C": 100.0,
      "train": {
        "accuracy": 1.0,
        "precision": 1.0,
        "recall": 1.0,
        "f1": 1.0
      },
      "val": {
        "accuracy": 0.9866666666666667,
        "precision": 0.9866666666666667,
        "recall": 1.0,
        "f1": 0.9932885906040269
      },
      "test": {
        "accuracy": 0.9733333333333334,
        "precision": 0.9798657718120806,
        "recall": 0.9931972789115646,
        "f1": 0.9864864864864865
      }
    },
    {
      "layer": 12,
      "best_C": 10.0,
      "train": {
        "accuracy": 1.0,
        "precision": 1.0,
        "recall": 1.0,
        "f1": 1.0
      },
      "val": {
        "accuracy": 0.9866666666666667,
        "precision": 0.9866666666666667,
        "recall": 1.0,
        "f1": 0.9932885906040269
      },
      "test": {
        "accuracy": 0.9733333333333334,
        "precision": 0.9798657718120806,
        "recall": 0.9931972789115646,
        "f1": 0.9864864864864865
      }
    },
    {
      "layer": 13,
      "best_C": 100.0,
      "train": {
        "accuracy": 1.0,
        "precision": 1.0,
        "recall": 1.0,
        "f1": 1.0
      },
      "val": {
        "accuracy": 0.9866666666666667,
        "precision": 0.9866666666666667,
        "recall": 1.0,