{
  "model_name": "allenai/Olmo-3-7B-Think-SFT",
  "n_layers": 32,
  "n_train": 700,
  "n_val": 150,
  "n_test": 150,
  "n_total": 1000,
  "n_correct": 943,
  "n_incorrect": 57,
  "correct_ratio": 94.3,
  "class_weight": "balanced",
  "indices_path": "/Users/antyabharahman/Downloads/Personal/final_research/paper_codebase/-rl-sft-reasoning/experiment_code/layerwise_linear_probe/balanced_outputs/922/olmo3/balanced_indices_Olmo-3-7B-Think-SFT.json",
  "probe_config": {
    "cv_folds": 5,
    "C_range": [
      0.01,
      0.1,
      1.0,
      10.0,
      100.0
    ],
    "max_iter": 5000,
    "random_state": 42,
    "solver": "lbfgs"
  },
  "layer_results": [
    {
      "layer": 0,
      "best_C": 100.0,
      "train": {
        "accuracy": 0.8,
        "precision": 0.9869646182495344,
        "recall": 0.799396681749623,
        "f1": 0.8833333333333333
      },
      "val": {
        "accuracy": 0.7266666666666667,
        "precision": 0.9137931034482759,
        "recall": 0.7737226277372263,
        "f1": 0.8379446640316206
      },
      "test": {
        "accuracy": 0.78,
        "precision": 0.9583333333333334,
        "recall": 0.8041958041958042,
        "f1": 0.8745247148288974
      }
    },
    {
      "layer": 1,
      "best_C": 100.0,
      "train": {
        "accuracy": 0.8928571428571429,
        "precision": 0.9949494949494949,
        "recall": 0.8914027149321267,
        "f1": 0.9403341288782816
      },
      "val": {
        "accuracy": 0.8,
        "precision": 0.9212598425196851,
        "recall": 0.8540145985401459,
        "f1": 0.8863636363636364
      },
      "test": {
        "accuracy": 0.8266666666666667,
        "precision": 0.9606299212598425,
        "recall": 0.8531468531468531,
        "f1": 0.9037037037037037
      }
    },
    {
      "layer": 2,
      "best_C": 100.0,
      "train": {
        "accuracy": 0.8914285714285715,
        "precision": 0.9949409780775716,
        "recall": 0.889894419306184,
        "f1": 0.9394904458598726
      },
      "val": {
        "accuracy": 0.7933333333333333,
        "precision": 0.9206349206349206,
        "recall": 0.8467153284671532,
        "f1": 0.8821292775665399
      },
      "test": {
        "accuracy": 0.8266666666666667,
        "precision": 0.9606299212598425,
        "recall": 0.8531468531468531,
        "f1": 0.9037037037037037
      }
    },
    {
      "layer": 3,
      "best_C": 100.0,
      "train": {
        "accuracy": 0.9485714285714286,
        "precision": 1.0,
        "recall": 0.9457013574660633,
        "f1": 0.9720930232558139
      },
      "val": {
        "accuracy": 0.8066666666666666,
        "precision": 0.921875,
        "recall": 0.8613138686131386,
        "f1": 0.8905660377358491
      },
      "test": {
        "accuracy": 0.8733333333333333,
        "precision": 0.9626865671641791,
        "recall": 0.9020979020979021,
        "f1": 0.9314079422382672
      }
    },
    {
      "layer": 4,
      "best_C": 100.0,
      "train": {
        "accuracy": 0.9614285714285714,
        "precision": 1.0,
        "recall": 0.9592760180995475,
        "f1": 0.9792147806004619
      },
      "val": {
        "accuracy": 0.82,
        "precision": 0.9230769230769231,
        "recall": 0.8759124087591241,
        "f1": 0.898876404494382
      },
      "test": {
        "accuracy": 0.8733333333333333,
        "precision": 0.9626865671641791,
        "recall": 0.9020979020979021,
        "f1": 0.9314079422382672
      }
    },
    {
      "layer": 5,
      "best_C": 100.0,
      "train": {
        "accuracy": 0.9685714285714285,
        "precision": 1.0,
        "recall": 0.9668174962292609,
        "f1": 0.9831288343558282
      },
      "val": {
        "accuracy": 0.8466666666666667,
        "precision": 0.9191176470588235,
        "recall": 0.9124087591240876,
        "f1": 0.9157509157509157
      },
      "test": {
        "accuracy": 0.9066666666666666,
        "precision": 0.9640287769784173,
        "recall": 0.9370629370629371,
        "f1": 0.950354609929078
      }
    },
    {
      "layer": 6,
      "best_C": 100.0,
      "train": {
        "accuracy": 0.9814285714285714,
        "precision": 1.0,
        "recall": 0.9803921568627451,
        "f1": 0.9900990099009901
      },
      "val": {
        "accuracy": 0.86,
        "precision": 0.9202898550724637,
        "recall": 0.927007299270073,
        "f1": 0.9236363636363636
      },
      "test": {
        "accuracy": 0.9066666666666666,
        "precision": 0.9574468085106383,
        "recall": 0.9440559440559441,
        "f1": 0.9507042253521126
      }
    },
    {
      "layer": 7,
      "best_C": 100.0,
      "train": {
        "accuracy": 0.9971428571428571,
        "precision": 1.0,
        "recall": 0.9969834087481146,
        "f1": 0.9984894259818731
      },
      "val": {
        "accuracy": 0.8866666666666667,
        "precision": 0.9225352112676056,
        "recall": 0.9562043795620438,
        "f1": 0.9390681003584229
      },
      "test": {
        "accuracy": 0.9266666666666666,
        "precision": 0.9647887323943662,
        "recall": 0.958041958041958,
        "f1": 0.9614035087719298
      }
    },
    {
      "layer": 8,
      "best_C": 100.0,
      "train": {
        "accuracy": 0.9985714285714286,
        "precision": 1.0,
        "recall": 0.9984917043740573,
        "f1": 0.999245283018868
      },
      "val": {
        "accuracy": 0.8733333333333333,
        "precision": 0.9214285714285714,
        "recall": 0.9416058394160584,
        "f1": 0.9314079422382672
      },
      "test": {
        "accuracy": 0.9133333333333333,
        "precision": 0.9642857142857143,
        "recall": 0.9440559440559441,
        "f1": 0.9540636042402827
      }
    },
    {
      "layer": 9,
      "best_C": 100.0,
      "train": {
        "accuracy": 0.9985714285714286,
        "precision": 1.0,
        "recall": 0.9984917043740573,
        "f1": 0.999245283018868
      },
      "val": {
        "accuracy": 0.8733333333333333,
        "precision": 0.9214285714285714,
        "recall": 0.9416058394160584,
        "f1": 0.9314079422382672
      },
      "test": {
        "accuracy": 0.9466666666666667,
        "precision": 0.9655172413793104,
        "recall": 0.9790209790209791,
        "f1": 0.9722222222222222
      }
    },
    {
      "layer": 10,
      "best_C": 100.0,
      "train": {
        "accuracy": 1.0,
        "precision": 1.0,
        "recall": 1.0,
        "f1": 1.0
      },
      "val": {
        "accuracy": 0.9066666666666666,
        "precision": 0.9300699300699301,
        "recall": 0.9708029197080292,
        "f1": 0.95
      },
      "test": {
        "accuracy": 0.9333333333333333,
        "precision": 0.965034965034965,
        "recall": 0.965034965034965,
        "f1": 0.965034965034965
      }
    },
    {
      "layer": 11,
      "best_C": 100.0,
      "train": {
        "accuracy": 1.0,
        "precision": 1.0,
        "recall": 1.0,
        "f1": 1.0
      },
      "val": {
        "accuracy": 0.9333333333333333,
        "precision": 0.9379310344827586,
        "recall": 0.9927007299270073,
        "f1": 0.9645390070921985
      },
      "test": {
        "accuracy": 0.9333333333333333,
        "precision": 0.965034965034965,
        "recall": 0.965034965034965,
        "f1": 0.965034965034965
      }
    },
    {
      "layer": 12,
      "best_C": 100.0,
      "train": {
        "accuracy": 1.0,
        "precision": 1.0,
        "recall": 1.0,
        "f1": 1.0
      },
      "val": {
        "accuracy": 0.9133333333333333,
        "precision": 0.9305555555555556,
        "recall": 0.9781021897810219,
        "f1": 0.9537366548042705
      },
      "test": {
        "accuracy": 0.9466666666666667,
        "precision": 0.9655172413793104,
        "recall": 0.9790209790209791,
        "f1": 0.9722222222222222
      }
    },
    {
      "layer": 13,
      "best_C": 100.0,
      "train": {
        "accuracy": 1.0,
        "precision": 1.0,