{
  "model_name": "allenai/Olmo-3-7B-Think",
  "n_layers": 32,
  "n_train": 700,
  "n_val": 150,
  "n_test": 150,
  "n_total": 1000,
  "n_correct": 940,
  "n_incorrect": 60,
  "correct_ratio": 94.0,
  "class_weight": "balanced",
  "indices_path": "/Users/antyabharahman/Downloads/Personal/final_research/paper_codebase/-rl-sft-reasoning/experiment_code/layerwise_linear_probe/balanced_outputs/922/olmo3/balanced_indices_Olmo-3-7B-Think.json",
  "probe_config": {
    "cv_folds": 5,
    "C_range": [
      0.01,
      0.1,
      1.0,
      10.0,
      100.0
    ],
    "max_iter": 5000,
    "random_state": 42,
    "solver": "lbfgs"
  },
  "layer_results": [
    {
      "layer": 0,
      "best_C": 100.0,
      "train": {
        "accuracy": 0.7585714285714286,
        "precision": 0.9919839679358717,
        "recall": 0.75,
        "f1": 0.8541846419327006
      },
      "val": {
        "accuracy": 0.7,
        "precision": 0.9433962264150944,
        "recall": 0.7194244604316546,
        "f1": 0.8163265306122449
      },
      "test": {
        "accuracy": 0.7,
        "precision": 0.9363636363636364,
        "recall": 0.7304964539007093,
        "f1": 0.8207171314741036
      }
    },
    {
      "layer": 1,
      "best_C": 100.0,
      "train": {
        "accuracy": 0.8342857142857143,
        "precision": 0.9945454545454545,
        "recall": 0.8287878787878787,
        "f1": 0.9041322314049587
      },
      "val": {
        "accuracy": 0.7733333333333333,
        "precision": 0.9565217391304348,
        "recall": 0.7913669064748201,
        "f1": 0.8661417322834646
      },
      "test": {
        "accuracy": 0.7533333333333333,
        "precision": 0.9482758620689655,
        "recall": 0.7801418439716312,
        "f1": 0.8560311284046692
      }
    },
    {
      "layer": 2,
      "best_C": 100.0,
      "train": {
        "accuracy": 0.8714285714285714,
        "precision": 0.9982517482517482,
        "recall": 0.8651515151515151,
        "f1": 0.926948051948052
      },
      "val": {
        "accuracy": 0.8066666666666666,
        "precision": 0.9583333333333334,
        "recall": 0.8273381294964028,
        "f1": 0.888030888030888
      },
      "test": {
        "accuracy": 0.7933333333333333,
        "precision": 0.9508196721311475,
        "recall": 0.8226950354609929,
        "f1": 0.8821292775665399
      }
    },
    {
      "layer": 3,
      "best_C": 100.0,
      "train": {
        "accuracy": 0.9228571428571428,
        "precision": 1.0,
        "recall": 0.9181818181818182,
        "f1": 0.957345971563981
      },
      "val": {
        "accuracy": 0.8466666666666667,
        "precision": 0.953125,
        "recall": 0.8776978417266187,
        "f1": 0.9138576779026217
      },
      "test": {
        "accuracy": 0.8133333333333334,
        "precision": 0.937984496124031,
        "recall": 0.8581560283687943,
        "f1": 0.8962962962962963
      }
    },
    {
      "layer": 4,
      "best_C": 100.0,
      "train": {
        "accuracy": 0.9385714285714286,
        "precision": 1.0,
        "recall": 0.9348484848484848,
        "f1": 0.966327329678935
      },
      "val": {
        "accuracy": 0.84,
        "precision": 0.9389312977099237,
        "recall": 0.8848920863309353,
        "f1": 0.9111111111111111
      },
      "test": {
        "accuracy": 0.8533333333333334,
        "precision": 0.9473684210526315,
        "recall": 0.8936170212765957,
        "f1": 0.9197080291970803
      }
    },
    {
      "layer": 5,
      "best_C": 100.0,
      "train": {
        "accuracy": 0.9614285714285714,
        "precision": 1.0,
        "recall": 0.9590909090909091,
        "f1": 0.9791183294663574
      },
      "val": {
        "accuracy": 0.86,
        "precision": 0.927536231884058,
        "recall": 0.920863309352518,
        "f1": 0.924187725631769
      },
      "test": {
        "accuracy": 0.86,
        "precision": 0.9411764705882353,
        "recall": 0.9078014184397163,
        "f1": 0.924187725631769
      }
    },
    {
      "layer": 6,
      "best_C": 100.0,
      "train": {
        "accuracy": 0.9771428571428571,
        "precision": 1.0,
        "recall": 0.9757575757575757,
        "f1": 0.9877300613496932
      },
      "val": {
        "accuracy": 0.88,
        "precision": 0.935251798561151,
        "recall": 0.935251798561151,
        "f1": 0.935251798561151
      },
      "test": {
        "accuracy": 0.88,
        "precision": 0.9424460431654677,
        "recall": 0.9290780141843972,
        "f1": 0.9357142857142857
      }
    },
    {
      "layer": 7,
      "best_C": 100.0,
      "train": {
        "accuracy": 0.9971428571428571,
        "precision": 1.0,
        "recall": 0.996969696969697,
        "f1": 0.9984825493171472
      },
      "val": {
        "accuracy": 0.8933333333333333,
        "precision": 0.9361702127659575,
        "recall": 0.9496402877697842,
        "f1": 0.9428571428571428
      },
      "test": {
        "accuracy": 0.8933333333333333,
        "precision": 0.9432624113475178,
        "recall": 0.9432624113475178,
        "f1": 0.9432624113475178
      }
    },
    {
      "layer": 8,
      "best_C": 100.0,
      "train": {
        "accuracy": 1.0,
        "precision": 1.0,
        "recall": 1.0,
        "f1": 1.0
      },
      "val": {
        "accuracy": 0.9133333333333333,
        "precision": 0.9436619718309859,
        "recall": 0.9640287769784173,
        "f1": 0.9537366548042705
      },
      "test": {
        "accuracy": 0.8933333333333333,
        "precision": 0.9432624113475178,
        "recall": 0.9432624113475178,
        "f1": 0.9432624113475178
      }
    },
    {
      "layer": 9,
      "best_C": 100.0,
      "train": {
        "accuracy": 1.0,
        "precision": 1.0,
        "recall": 1.0,
        "f1": 1.0
      },
      "val": {
        "accuracy": 0.92,
        "precision": 0.950354609929078,
        "recall": 0.9640287769784173,
        "f1": 0.9571428571428572
      },
      "test": {
        "accuracy": 0.9066666666666666,
        "precision": 0.950354609929078,
        "recall": 0.950354609929078,
        "f1": 0.950354609929078
      }
    },
    {
      "layer": 10,
      "best_C": 100.0,
      "train": {
        "accuracy": 1.0,
        "precision": 1.0,
        "recall": 1.0,
        "f1": 1.0
      },
      "val": {
        "accuracy": 0.9333333333333333,
        "precision": 0.9448275862068966,
        "recall": 0.9856115107913669,
        "f1": 0.9647887323943662
      },
      "test": {
        "accuracy": 0.9333333333333333,
        "precision": 0.9645390070921985,
        "recall": 0.9645390070921985,
        "f1": 0.9645390070921985
      }
    },
    {
      "layer": 11,
      "best_C": 10.0,
      "train": {
        "accuracy": 0.9814285714285714,
        "precision": 1.0,
        "recall": 0.9803030303030303,
        "f1": 0.990053557765876
      },
      "val": {
        "accuracy": 0.9066666666666666,
        "precision": 0.9562043795620438,
        "recall": 0.9424460431654677,
        "f1": 0.9492753623188406
      },
      "test": {
        "accuracy": 0.9266666666666666,
        "precision": 0.9642857142857143,
        "recall": 0.9574468085106383,
        "f1": 0.9608540925266904
      }
    },
    {
      "layer": 12,
      "best_C": 100.0,
      "train": {
        "accuracy": 1.0,
        "precision": 1.0,
        "recall": 1.0,
        "f1": 1.0
      },
      "val": {
        "accuracy": 0.9333333333333333,
        "precision": 0.9574468085106383,
        "recall": 0.9712230215827338,
        "f1": 0.9642857142857143
      },
      "test": {
        "accuracy": 0.9333333333333333,
        "precision": 0.9645390070921985,
        "recall": 0.9645390070921985,
        "f1": 0.9645390070921985
      }
    },
    {
      "layer": 13,
      "best_C": 100.0,
      "train": {
        "accuracy": 1.0,
        "precision": 1.0,
        "recall": 1.0,
        "f1": 1.0
      },
      "val": {
        "accuracy": 0.9133333333333333,