{
  "model_name": "allenai/Olmo-3-7B-Think-SFT",
  "n_layers": 32,
  "n_train": 81,
  "n_val": 17,
  "n_test": 18,
  "n_balanced_total": 116,
  "n_balanced_correct": 59,
  "n_balanced_incorrect": 57,
  "balanced_indices_path": "/Users/antyabharahman/Downloads/Personal/final_research/paper_codebase/-rl-sft-reasoning/experiment_code/layerwise_linear_probe/balanced_outputs/922/olmo3/balanced_indices_Olmo-3-7B-Think-SFT.json",
  "probe_config": {
    "cv_folds": 5,
    "C_range": [
      0.01,
      0.1,
      1.0,
      10.0,
      100.0
    ],
    "max_iter": 5000,
    "random_state": 42,
    "solver": "lbfgs"
  },
  "layer_results": [
    {
      "layer": 0,
      "best_C": 1.0,
      "train": {
        "accuracy": 0.6049382716049383,
        "precision": 0.5833333333333334,
        "recall": 0.7,
        "f1": 0.6363636363636364
      },
      "val": {
        "accuracy": 0.4117647058823529,
        "precision": 0.4,
        "recall": 0.8571428571428571,
        "f1": 0.5454545454545454
      },
      "test": {
        "accuracy": 0.7222222222222222,
        "precision": 0.7692307692307693,
        "recall": 0.8333333333333334,
        "f1": 0.8
      }
    },
    {
      "layer": 1,
      "best_C": 10.0,
      "train": {
        "accuracy": 0.7160493827160493,
        "precision": 0.673469387755102,
        "recall": 0.825,
        "f1": 0.7415730337078652
      },
      "val": {
        "accuracy": 0.5294117647058824,
        "precision": 0.46153846153846156,
        "recall": 0.8571428571428571,
        "f1": 0.6
      },
      "test": {
        "accuracy": 0.7222222222222222,
        "precision": 0.7692307692307693,
        "recall": 0.8333333333333334,
        "f1": 0.8
      }
    },
    {
      "layer": 2,
      "best_C": 0.1,
      "train": {
        "accuracy": 0.6049382716049383,
        "precision": 0.5833333333333334,
        "recall": 0.7,
        "f1": 0.6363636363636364
      },
      "val": {
        "accuracy": 0.4117647058823529,
        "precision": 0.4,
        "recall": 0.8571428571428571,
        "f1": 0.5454545454545454
      },
      "test": {
        "accuracy": 0.7222222222222222,
        "precision": 0.7692307692307693,
        "recall": 0.8333333333333334,
        "f1": 0.8
      }
    },
    {
      "layer": 3,
      "best_C": 0.1,
      "train": {
        "accuracy": 0.6049382716049383,
        "precision": 0.5833333333333334,
        "recall": 0.7,
        "f1": 0.6363636363636364
      },
      "val": {
        "accuracy": 0.4117647058823529,
        "precision": 0.4,
        "recall": 0.8571428571428571,
        "f1": 0.5454545454545454
      },
      "test": {
        "accuracy": 0.7222222222222222,
        "precision": 0.7692307692307693,
        "recall": 0.8333333333333334,
        "f1": 0.8
      }
    },
    {
      "layer": 4,
      "best_C": 100.0,
      "train": {
        "accuracy": 0.9629629629629629,
        "precision": 0.9743589743589743,
        "recall": 0.95,
        "f1": 0.9620253164556962
      },
      "val": {
        "accuracy": 0.7058823529411765,
        "precision": 0.6,
        "recall": 0.8571428571428571,
        "f1": 0.7058823529411765
      },
      "test": {
        "accuracy": 0.6111111111111112,
        "precision": 0.6923076923076923,
        "recall": 0.75,
        "f1": 0.72
      }
    },
    {
      "layer": 5,
      "best_C": 100.0,
      "train": {
        "accuracy": 0.9876543209876543,
        "precision": 1.0,
        "recall": 0.975,
        "f1": 0.9873417721518988
      },
      "val": {
        "accuracy": 0.5882352941176471,
        "precision": 0.5,
        "recall": 0.5714285714285714,
        "f1": 0.5333333333333333
      },
      "test": {
        "accuracy": 0.6666666666666666,
        "precision": 0.7142857142857143,
        "recall": 0.8333333333333334,
        "f1": 0.7692307692307693
      }
    },
    {
      "layer": 6,
      "best_C": 100.0,
      "train": {
        "accuracy": 1.0,
        "precision": 1.0,
        "recall": 1.0,
        "f1": 1.0
      },
      "val": {
        "accuracy": 0.6470588235294118,
        "precision": 0.5555555555555556,
        "recall": 0.7142857142857143,
        "f1": 0.625
      },
      "test": {
        "accuracy": 0.6111111111111112,
        "precision": 0.7272727272727273,
        "recall": 0.6666666666666666,
        "f1": 0.6956521739130435
      }
    },
    {
      "layer": 7,
      "best_C": 100.0,
      "train": {
        "accuracy": 1.0,
        "precision": 1.0,
        "recall": 1.0,
        "f1": 1.0
      },
      "val": {
        "accuracy": 0.6470588235294118,
        "precision": 0.5555555555555556,
        "recall": 0.7142857142857143,
        "f1": 0.625
      },
      "test": {
        "accuracy": 0.6666666666666666,
        "precision": 0.8,
        "recall": 0.6666666666666666,
        "f1": 0.7272727272727273
      }
    },
    {
      "layer": 8,
      "best_C": 100.0,
      "train": {
        "accuracy": 1.0,
        "precision": 1.0,
        "recall": 1.0,
        "f1": 1.0
      },
      "val": {
        "accuracy": 0.6470588235294118,
        "precision": 0.5555555555555556,
        "recall": 0.7142857142857143,
        "f1": 0.625
      },
      "test": {
        "accuracy": 0.6666666666666666,
        "precision": 0.8,
        "recall": 0.6666666666666666,
        "f1": 0.7272727272727273
      }
    },
    {
      "layer": 9,
      "best_C": 100.0,
      "train": {
        "accuracy": 1.0,
        "precision": 1.0,
        "recall": 1.0,
        "f1": 1.0
      },
      "val": {
        "accuracy": 0.5882352941176471,
        "precision": 0.5,
        "recall": 0.7142857142857143,
        "f1": 0.5882352941176471
      },
      "test": {
        "accuracy": 0.6666666666666666,
        "precision": 0.8,
        "recall": 0.6666666666666666,
        "f1": 0.7272727272727273
      }
    },
    {
      "layer": 10,
      "best_C": 10.0,
      "train": {
        "accuracy": 0.9753086419753086,
        "precision": 0.975,
        "recall": 0.975,
        "f1": 0.975
      },
      "val": {
        "accuracy": 0.5882352941176471,
        "precision": 0.5,
        "recall": 0.7142857142857143,
        "f1": 0.5882352941176471
      },
      "test": {
        "accuracy": 0.7222222222222222,
        "precision": 0.8888888888888888,
        "recall": 0.6666666666666666,
        "f1": 0.7619047619047619
      }
    },
    {
      "layer": 11,
      "best_C": 10.0,
      "train": {
        "accuracy": 1.0,
        "precision": 1.0,
        "recall": 1.0,
        "f1": 1.0
      },
      "val": {
        "accuracy": 0.6470588235294118,
        "precision": 0.5714285714285714,
        "recall": 0.5714285714285714,
        "f1": 0.5714285714285714
      },
      "test": {
        "accuracy": 0.6666666666666666,
        "precision": 0.875,
        "recall": 0.5833333333333334,
        "f1": 0.7
      }
    },
    {
      "layer": 12,
      "best_C": 10.0,
      "train": {
        "accuracy": 1.0,
        "precision": 1.0,
        "recall": 1.0,
        "f1": 1.0
      },
      "val": {
        "accuracy": 0.7647058823529411,
        "precision": 0.7142857142857143,
        "recall": 0.7142857142857143,
        "f1": 0.7142857142857143
      },
      "test": {
        "accuracy": 0.7222222222222222,
        "precision": 0.8888888888888888,
        "recall": 0.6666666666666666,
        "f1": 0.7619047619047619
      }
    },
    {
      "layer": 13,
      "best_C": 100.0,
      "train": {
        "accuracy": 1.0,
        "precision": 1.0,
        "recall": 1.0,
        "f1": 1.0
      },
      "val": {
        "accuracy": 0.8235294117647058,
        "precision": 0.75,
        "recall": 0.8571428571428571,
        "f1": 0.8
      },
      "test": {
        "accuracy": 0.7777777777777778,
        "precision": 1.0,
        "recall": 0.6666666666666666,
        "f1": 0.8
      }
    },
    {
      "layer": 14,
      "best_C": 100.0,
      "train": {
        "accuracy": 1.0,
        "precision": 1.0,