{
  "model_name": "allenai/Olmo-3-7B-Instruct",
  "n_layers": 32,
  "n_train": 700,
  "n_val": 150,
  "n_test": 150,
  "n_total": 1000,
  "n_correct": 928,
  "n_incorrect": 72,
  "correct_ratio": 92.8,
  "class_weight": "balanced",
  "indices_path": "/Users/antyabharahman/Downloads/Personal/final_research/paper_codebase/-rl-sft-reasoning/experiment_code/layerwise_linear_probe/balanced_outputs/922/olmo3/balanced_indices_Olmo-3-7B-Instruct.json",
  "probe_config": {
    "cv_folds": 5,
    "C_range": [
      0.01,
      0.1,
      1.0,
      10.0,
      100.0
    ],
    "max_iter": 5000,
    "random_state": 42,
    "solver": "lbfgs"
  },
  "layer_results": [
    {
      "layer": 0,
      "best_C": 100.0,
      "train": {
        "accuracy": 0.7771428571428571,
        "precision": 0.984375,
        "recall": 0.7730061349693251,
        "f1": 0.865979381443299
      },
      "val": {
        "accuracy": 0.7133333333333334,
        "precision": 0.9523809523809523,
        "recall": 0.7246376811594203,
        "f1": 0.823045267489712
      },
      "test": {
        "accuracy": 0.7066666666666667,
        "precision": 0.9196428571428571,
        "recall": 0.7463768115942029,
        "f1": 0.824
      }
    },
    {
      "layer": 1,
      "best_C": 100.0,
      "train": {
        "accuracy": 0.8628571428571429,
        "precision": 0.9894366197183099,
        "recall": 0.8619631901840491,
        "f1": 0.921311475409836
      },
      "val": {
        "accuracy": 0.7666666666666667,
        "precision": 0.9186991869918699,
        "recall": 0.8188405797101449,
        "f1": 0.8659003831417624
      },
      "test": {
        "accuracy": 0.8,
        "precision": 0.921875,
        "recall": 0.855072463768116,
        "f1": 0.8872180451127819
      }
    },
    {
      "layer": 2,
      "best_C": 100.0,
      "train": {
        "accuracy": 0.9042857142857142,
        "precision": 0.9982964224872232,
        "recall": 0.8987730061349694,
        "f1": 0.9459241323648103
      },
      "val": {
        "accuracy": 0.8066666666666666,
        "precision": 0.9291338582677166,
        "recall": 0.855072463768116,
        "f1": 0.8905660377358491
      },
      "test": {
        "accuracy": 0.8066666666666666,
        "precision": 0.9224806201550387,
        "recall": 0.8623188405797102,
        "f1": 0.8913857677902621
      }
    },
    {
      "layer": 3,
      "best_C": 100.0,
      "train": {
        "accuracy": 0.9571428571428572,
        "precision": 1.0,
        "recall": 0.9539877300613497,
        "f1": 0.9764521193092621
      },
      "val": {
        "accuracy": 0.8333333333333334,
        "precision": 0.924812030075188,
        "recall": 0.8913043478260869,
        "f1": 0.9077490774907749
      },
      "test": {
        "accuracy": 0.8533333333333334,
        "precision": 0.9264705882352942,
        "recall": 0.9130434782608695,
        "f1": 0.9197080291970803
      }
    },
    {
      "layer": 4,
      "best_C": 100.0,
      "train": {
        "accuracy": 0.9685714285714285,
        "precision": 1.0,
        "recall": 0.9662576687116564,
        "f1": 0.982839313572543
      },
      "val": {
        "accuracy": 0.8333333333333334,
        "precision": 0.9185185185185185,
        "recall": 0.8985507246376812,
        "f1": 0.9084249084249084
      },
      "test": {
        "accuracy": 0.8666666666666667,
        "precision": 0.927536231884058,
        "recall": 0.927536231884058,
        "f1": 0.927536231884058
      }
    },
    {
      "layer": 5,
      "best_C": 100.0,
      "train": {
        "accuracy": 0.9785714285714285,
        "precision": 1.0,
        "recall": 0.9769938650306749,
        "f1": 0.9883630721489527
      },
      "val": {
        "accuracy": 0.8333333333333334,
        "precision": 0.924812030075188,
        "recall": 0.8913043478260869,
        "f1": 0.9077490774907749
      },
      "test": {
        "accuracy": 0.8733333333333333,
        "precision": 0.9280575539568345,
        "recall": 0.9347826086956522,
        "f1": 0.9314079422382672
      }
    },
    {
      "layer": 6,
      "best_C": 100.0,
      "train": {
        "accuracy": 0.99,
        "precision": 1.0,
        "recall": 0.9892638036809815,
        "f1": 0.9946029298380878
      },
      "val": {
        "accuracy": 0.88,
        "precision": 0.9347826086956522,
        "recall": 0.9347826086956522,
        "f1": 0.9347826086956522
      },
      "test": {
        "accuracy": 0.8666666666666667,
        "precision": 0.927536231884058,
        "recall": 0.927536231884058,
        "f1": 0.927536231884058
      }
    },
    {
      "layer": 7,
      "best_C": 100.0,
      "train": {
        "accuracy": 0.9985714285714286,
        "precision": 1.0,
        "recall": 0.9984662576687117,
        "f1": 0.9992325402916347
      },
      "val": {
        "accuracy": 0.8866666666666667,
        "precision": 0.9230769230769231,
        "recall": 0.9565217391304348,
        "f1": 0.9395017793594306
      },
      "test": {
        "accuracy": 0.86,
        "precision": 0.920863309352518,
        "recall": 0.927536231884058,
        "f1": 0.924187725631769
      }
    },
    {
      "layer": 8,
      "best_C": 100.0,
      "train": {
        "accuracy": 1.0,
        "precision": 1.0,
        "recall": 1.0,
        "f1": 1.0
      },
      "val": {
        "accuracy": 0.8666666666666667,
        "precision": 0.9214285714285714,
        "recall": 0.9347826086956522,
        "f1": 0.9280575539568345
      },
      "test": {
        "accuracy": 0.9,
        "precision": 0.9300699300699301,
        "recall": 0.9637681159420289,
        "f1": 0.9466192170818505
      }
    },
    {
      "layer": 9,
      "best_C": 100.0,
      "train": {
        "accuracy": 1.0,
        "precision": 1.0,
        "recall": 1.0,
        "f1": 1.0
      },
      "val": {
        "accuracy": 0.8866666666666667,
        "precision": 0.9172413793103448,
        "recall": 0.9637681159420289,
        "f1": 0.9399293286219081
      },
      "test": {
        "accuracy": 0.9,
        "precision": 0.9300699300699301,
        "recall": 0.9637681159420289,
        "f1": 0.9466192170818505
      }
    },
    {
      "layer": 10,
      "best_C": 10.0,
      "train": {
        "accuracy": 0.9928571428571429,
        "precision": 1.0,
        "recall": 0.9923312883435583,
        "f1": 0.9961508852963818
      },
      "val": {
        "accuracy": 0.8933333333333333,
        "precision": 0.9236111111111112,
        "recall": 0.9637681159420289,
        "f1": 0.9432624113475178
      },
      "test": {
        "accuracy": 0.8933333333333333,
        "precision": 0.9295774647887324,
        "recall": 0.9565217391304348,
        "f1": 0.9428571428571428
      }
    },
    {
      "layer": 11,
      "best_C": 100.0,
      "train": {
        "accuracy": 1.0,
        "precision": 1.0,
        "recall": 1.0,
        "f1": 1.0
      },
      "val": {
        "accuracy": 0.9066666666666666,
        "precision": 0.9246575342465754,
        "recall": 0.9782608695652174,
        "f1": 0.9507042253521126
      },
      "test": {
        "accuracy": 0.9133333333333333,
        "precision": 0.9310344827586207,
        "recall": 0.9782608695652174,
        "f1": 0.9540636042402827
      }
    },
    {
      "layer": 12,
      "best_C": 100.0,
      "train": {
        "accuracy": 1.0,
        "precision": 1.0,
        "recall": 1.0,
        "f1": 1.0
      },
      "val": {
        "accuracy": 0.8866666666666667,
        "precision": 0.9230769230769231,
        "recall": 0.9565217391304348,
        "f1": 0.9395017793594306
      },
      "test": {
        "accuracy": 0.9,
        "precision": 0.9300699300699301,
        "recall": 0.9637681159420289,
        "f1": 0.9466192170818505
      }
    },
    {
      "layer": 13,
      "best_C": 100.0,
      "train": {
        "accuracy": 1.0,
        "precision": 1.0,
        "recall": 1.0,
        "f1": 1.0
      },
      "val": {
        "accuracy": 0.9066666666666666,