{
  "model_name": "allenai/Olmo-3-7B-RLZero-Math",
  "n_layers": 32,
  "n_train": 695,
  "n_val": 148,
  "n_test": 150,
  "n_total": 993,
  "n_correct": 439,
  "n_incorrect": 554,
  "correct_ratio": 44.2,
  "class_weight": "balanced",
  "indices_path": "/Users/antyabharahman/Downloads/Personal/final_research/paper_codebase/-rl-sft-reasoning/experiment_code/layerwise_linear_probe/balanced_outputs/922/olmo3/balanced_indices_Olmo-3-7B-RLZero-Math.json",
  "probe_config": {
    "cv_folds": 5,
    "C_range": [
      0.01,
      0.1,
      1.0,
      10.0,
      100.0
    ],
    "max_iter": 5000,
    "random_state": 42,
    "solver": "lbfgs"
  },
  "layer_results": [
    {
      "layer": 0,
      "best_C": 0.01,
      "train": {
        "accuracy": 0.8402877697841726,
        "precision": 0.9166666666666666,
        "recall": 0.707395498392283,
        "f1": 0.7985480943738656
      },
      "val": {
        "accuracy": 0.8648648648648649,
        "precision": 0.9423076923076923,
        "recall": 0.7424242424242424,
        "f1": 0.8305084745762712
      },
      "test": {
        "accuracy": 0.8266666666666667,
        "precision": 0.9090909090909091,
        "recall": 0.6451612903225806,
        "f1": 0.7547169811320755
      }
    },
    {
      "layer": 1,
      "best_C": 0.01,
      "train": {
        "accuracy": 0.8402877697841726,
        "precision": 0.9166666666666666,
        "recall": 0.707395498392283,
        "f1": 0.7985480943738656
      },
      "val": {
        "accuracy": 0.8648648648648649,
        "precision": 0.9423076923076923,
        "recall": 0.7424242424242424,
        "f1": 0.8305084745762712
      },
      "test": {
        "accuracy": 0.8266666666666667,
        "precision": 0.9090909090909091,
        "recall": 0.6451612903225806,
        "f1": 0.7547169811320755
      }
    },
    {
      "layer": 2,
      "best_C": 0.01,
      "train": {
        "accuracy": 0.8316546762589928,
        "precision": 0.8702290076335878,
        "recall": 0.7331189710610932,
        "f1": 0.7958115183246073
      },
      "val": {
        "accuracy": 0.8581081081081081,
        "precision": 0.9245283018867925,
        "recall": 0.7424242424242424,
        "f1": 0.8235294117647058
      },
      "test": {
        "accuracy": 0.8266666666666667,
        "precision": 0.875,
        "recall": 0.6774193548387096,
        "f1": 0.7636363636363637
      }
    },
    {
      "layer": 3,
      "best_C": 0.01,
      "train": {
        "accuracy": 0.8316546762589928,
        "precision": 0.8702290076335878,
        "recall": 0.7331189710610932,
        "f1": 0.7958115183246073
      },
      "val": {
        "accuracy": 0.8581081081081081,
        "precision": 0.9245283018867925,
        "recall": 0.7424242424242424,
        "f1": 0.8235294117647058
      },
      "test": {
        "accuracy": 0.8266666666666667,
        "precision": 0.875,
        "recall": 0.6774193548387096,
        "f1": 0.7636363636363637
      }
    },
    {
      "layer": 4,
      "best_C": 0.01,
      "train": {
        "accuracy": 0.8388489208633093,
        "precision": 0.9094650205761317,
        "recall": 0.7106109324758842,
        "f1": 0.7978339350180506
      },
      "val": {
        "accuracy": 0.8648648648648649,
        "precision": 0.9423076923076923,
        "recall": 0.7424242424242424,
        "f1": 0.8305084745762712
      },
      "test": {
        "accuracy": 0.8333333333333334,
        "precision": 0.9111111111111111,
        "recall": 0.6612903225806451,
        "f1": 0.7663551401869159
      }
    },
    {
      "layer": 5,
      "best_C": 0.01,
      "train": {
        "accuracy": 0.8474820143884892,
        "precision": 0.9116465863453815,
        "recall": 0.729903536977492,
        "f1": 0.8107142857142857
      },
      "val": {
        "accuracy": 0.8648648648648649,
        "precision": 0.9423076923076923,
        "recall": 0.7424242424242424,
        "f1": 0.8305084745762712
      },
      "test": {
        "accuracy": 0.8333333333333334,
        "precision": 0.9111111111111111,
        "recall": 0.6612903225806451,
        "f1": 0.7663551401869159
      }
    },
    {
      "layer": 6,
      "best_C": 0.01,
      "train": {
        "accuracy": 0.860431654676259,
        "precision": 0.9083969465648855,
        "recall": 0.7652733118971061,
        "f1": 0.8307155322862129
      },
      "val": {
        "accuracy": 0.8716216216216216,
        "precision": 0.9272727272727272,
        "recall": 0.7727272727272727,
        "f1": 0.8429752066115702
      },
      "test": {
        "accuracy": 0.8266666666666667,
        "precision": 0.8461538461538461,
        "recall": 0.7096774193548387,
        "f1": 0.7719298245614035
      }
    },
    {
      "layer": 7,
      "best_C": 0.01,
      "train": {
        "accuracy": 0.8690647482014389,
        "precision": 0.9074074074074074,
        "recall": 0.7877813504823151,
        "f1": 0.8433734939759037
      },
      "val": {
        "accuracy": 0.8581081081081081,
        "precision": 0.9090909090909091,
        "recall": 0.7575757575757576,
        "f1": 0.8264462809917356
      },
      "test": {
        "accuracy": 0.82,
        "precision": 0.8181818181818182,
        "recall": 0.7258064516129032,
        "f1": 0.7692307692307693
      }
    },
    {
      "layer": 8,
      "best_C": 0.01,
      "train": {
        "accuracy": 0.8676258992805755,
        "precision": 0.8981818181818182,
        "recall": 0.7942122186495176,
        "f1": 0.8430034129692833
      },
      "val": {
        "accuracy": 0.8581081081081081,
        "precision": 0.8947368421052632,
        "recall": 0.7727272727272727,
        "f1": 0.8292682926829268
      },
      "test": {
        "accuracy": 0.82,
        "precision": 0.8070175438596491,
        "recall": 0.7419354838709677,
        "f1": 0.773109243697479
      }
    },
    {
      "layer": 9,
      "best_C": 0.01,
      "train": {
        "accuracy": 0.8690647482014389,
        "precision": 0.8928571428571429,
        "recall": 0.8038585209003215,
        "f1": 0.8460236886632826
      },
      "val": {
        "accuracy": 0.8513513513513513,
        "precision": 0.8666666666666667,
        "recall": 0.7878787878787878,
        "f1": 0.8253968253968254
      },
      "test": {
        "accuracy": 0.8333333333333334,
        "precision": 0.8135593220338984,
        "recall": 0.7741935483870968,
        "f1": 0.7933884297520661
      }
    },
    {
      "layer": 10,
      "best_C": 0.01,
      "train": {
        "accuracy": 0.8690647482014389,
        "precision": 0.8819444444444444,
        "recall": 0.8167202572347267,
        "f1": 0.8480801335559266
      },
      "val": {
        "accuracy": 0.8581081081081081,
        "precision": 0.8688524590163934,
        "recall": 0.803030303030303,
        "f1": 0.8346456692913385
      },
      "test": {
        "accuracy": 0.8333333333333334,
        "precision": 0.8135593220338984,
        "recall": 0.7741935483870968,
        "f1": 0.7933884297520661
      }
    },
    {
      "layer": 11,
      "best_C": 0.01,
      "train": {
        "accuracy": 0.8719424460431655,
        "precision": 0.8881118881118881,
        "recall": 0.8167202572347267,
        "f1": 0.8509212730318257
      },
      "val": {
        "accuracy": 0.8648648648648649,
        "precision": 0.8833333333333333,
        "recall": 0.803030303030303,
        "f1": 0.8412698412698413
      },
      "test": {
        "accuracy": 0.84,
        "precision": 0.8275862068965517,
        "recall": 0.7741935483870968,
        "f1": 0.8
      }
    },
    {
      "layer": 12,
      "best_C": 0.01,
      "train": {
        "accuracy": 0.8776978417266187,
        "precision": 0.8951048951048951,
        "recall": 0.8231511254019293,
        "f1": 0.8576214405360134
      },
      "val": {
        "accuracy": 0.8581081081081081,
        "precision": 0.8688524590163934,
        "recall": 0.803030303030303,
        "f1": 0.8346456692913385
      },