{
  "model_name": "allenai/Olmo-3-7B-Think-SFT",
  "n_layers": 32,
  "n_train": 699,
  "n_val": 149,
  "n_test": 151,
  "n_total": 999,
  "n_correct": 927,
  "n_incorrect": 72,
  "correct_ratio": 92.8,
  "class_weight": "balanced",
  "indices_path": "/Users/antyabharahman/Downloads/Personal/final_research/paper_codebase/-rl-sft-reasoning/experiment_code/layerwise_linear_probe/balanced_outputs/584/olmo3/balanced_indices_Olmo-3-7B-Think-SFT.json",
  "probe_config": {
    "cv_folds": 5,
    "C_range": [
      0.01,
      0.1,
      1.0,
      10.0,
      100.0
    ],
    "max_iter": 5000,
    "random_state": 42,
    "solver": "lbfgs"
  },
  "layer_results": [
    {
      "layer": 0,
      "best_C": 100.0,
      "train": {
        "accuracy": 0.8254649499284692,
        "precision": 0.9852670349907919,
        "recall": 0.8243451463790447,
        "f1": 0.8976510067114094
      },
      "val": {
        "accuracy": 0.8053691275167785,
        "precision": 0.9913793103448276,
        "recall": 0.8041958041958042,
        "f1": 0.888030888030888
      },
      "test": {
        "accuracy": 0.7549668874172185,
        "precision": 0.9152542372881356,
        "recall": 0.8,
        "f1": 0.8537549407114624
      }
    },
    {
      "layer": 1,
      "best_C": 100.0,
      "train": {
        "accuracy": 0.8726752503576538,
        "precision": 0.9929577464788732,
        "recall": 0.8690292758089369,
        "f1": 0.9268693508627773
      },
      "val": {
        "accuracy": 0.8456375838926175,
        "precision": 0.9761904761904762,
        "recall": 0.8601398601398601,
        "f1": 0.9144981412639405
      },
      "test": {
        "accuracy": 0.8079470198675497,
        "precision": 0.9206349206349206,
        "recall": 0.8592592592592593,
        "f1": 0.8888888888888888
      }
    },
    {
      "layer": 2,
      "best_C": 100.0,
      "train": {
        "accuracy": 0.9141630901287554,
        "precision": 0.9966273187183811,
        "recall": 0.9106317411402157,
        "f1": 0.9516908212560387
      },
      "val": {
        "accuracy": 0.8791946308724832,
        "precision": 0.9770992366412213,
        "recall": 0.8951048951048951,
        "f1": 0.9343065693430657
      },
      "test": {
        "accuracy": 0.8079470198675497,
        "precision": 0.9140625,
        "recall": 0.8666666666666667,
        "f1": 0.8897338403041825
      }
    },
    {
      "layer": 3,
      "best_C": 100.0,
      "train": {
        "accuracy": 0.9585121602288984,
        "precision": 1.0,
        "recall": 0.9553158705701078,
        "f1": 0.9771473601260835
      },
      "val": {
        "accuracy": 0.8791946308724832,
        "precision": 0.9770992366412213,
        "recall": 0.8951048951048951,
        "f1": 0.9343065693430657
      },
      "test": {
        "accuracy": 0.8807947019867549,
        "precision": 0.9148936170212766,
        "recall": 0.9555555555555556,
        "f1": 0.9347826086956522
      }
    },
    {
      "layer": 4,
      "best_C": 100.0,
      "train": {
        "accuracy": 0.9713876967095851,
        "precision": 1.0,
        "recall": 0.9691833590138675,
        "f1": 0.9843505477308294
      },
      "val": {
        "accuracy": 0.8859060402684564,
        "precision": 0.9772727272727273,
        "recall": 0.9020979020979021,
        "f1": 0.9381818181818182
      },
      "test": {
        "accuracy": 0.8807947019867549,
        "precision": 0.9148936170212766,
        "recall": 0.9555555555555556,
        "f1": 0.9347826086956522
      }
    },
    {
      "layer": 5,
      "best_C": 100.0,
      "train": {
        "accuracy": 0.9856938483547926,
        "precision": 1.0,
        "recall": 0.9845916795069337,
        "f1": 0.9922360248447205
      },
      "val": {
        "accuracy": 0.8926174496644296,
        "precision": 0.9703703703703703,
        "recall": 0.916083916083916,
        "f1": 0.9424460431654677
      },
      "test": {
        "accuracy": 0.8807947019867549,
        "precision": 0.9148936170212766,
        "recall": 0.9555555555555556,
        "f1": 0.9347826086956522
      }
    },
    {
      "layer": 6,
      "best_C": 100.0,
      "train": {
        "accuracy": 0.9856938483547926,
        "precision": 1.0,
        "recall": 0.9845916795069337,
        "f1": 0.9922360248447205
      },
      "val": {
        "accuracy": 0.9060402684563759,
        "precision": 0.9777777777777777,
        "recall": 0.9230769230769231,
        "f1": 0.9496402877697842
      },
      "test": {
        "accuracy": 0.8543046357615894,
        "precision": 0.9064748201438849,
        "recall": 0.9333333333333333,
        "f1": 0.9197080291970803
      }
    },
    {
      "layer": 7,
      "best_C": 100.0,
      "train": {
        "accuracy": 0.9971387696709585,
        "precision": 1.0,
        "recall": 0.9969183359013868,
        "f1": 0.9984567901234568
      },
      "val": {
        "accuracy": 0.912751677852349,
        "precision": 0.9710144927536232,
        "recall": 0.9370629370629371,
        "f1": 0.9537366548042705
      },
      "test": {
        "accuracy": 0.8807947019867549,
        "precision": 0.903448275862069,
        "recall": 0.9703703703703703,
        "f1": 0.9357142857142857
      }
    },
    {
      "layer": 8,
      "best_C": 100.0,
      "train": {
        "accuracy": 1.0,
        "precision": 1.0,
        "recall": 1.0,
        "f1": 1.0
      },
      "val": {
        "accuracy": 0.912751677852349,
        "precision": 0.9779411764705882,
        "recall": 0.9300699300699301,
        "f1": 0.953405017921147
      },
      "test": {
        "accuracy": 0.8741721854304636,
        "precision": 0.9027777777777778,
        "recall": 0.9629629629629629,
        "f1": 0.931899641577061
      }
    },
    {
      "layer": 9,
      "best_C": 100.0,
      "train": {
        "accuracy": 1.0,
        "precision": 1.0,
        "recall": 1.0,
        "f1": 1.0
      },
      "val": {
        "accuracy": 0.9261744966442953,
        "precision": 0.9782608695652174,
        "recall": 0.9440559440559441,
        "f1": 0.9608540925266904
      },
      "test": {
        "accuracy": 0.8741721854304636,
        "precision": 0.9027777777777778,
        "recall": 0.9629629629629629,
        "f1": 0.931899641577061
      }
    },
    {
      "layer": 10,
      "best_C": 10.0,
      "train": {
        "accuracy": 0.9828326180257511,
        "precision": 1.0,
        "recall": 0.9815100154083205,
        "f1": 0.9906687402799378
      },
      "val": {
        "accuracy": 0.912751677852349,
        "precision": 0.9779411764705882,
        "recall": 0.9300699300699301,
        "f1": 0.953405017921147
      },
      "test": {
        "accuracy": 0.8874172185430463,
        "precision": 0.9154929577464789,
        "recall": 0.9629629629629629,
        "f1": 0.9386281588447654
      }
    },
    {
      "layer": 11,
      "best_C": 10.0,
      "train": {
        "accuracy": 0.9871244635193133,
        "precision": 1.0,
        "recall": 0.9861325115562404,
        "f1": 0.9930178432893716
      },
      "val": {
        "accuracy": 0.9261744966442953,
        "precision": 0.9782608695652174,
        "recall": 0.9440559440559441,
        "f1": 0.9608540925266904
      },
      "test": {
        "accuracy": 0.8874172185430463,
        "precision": 0.9214285714285714,
        "recall": 0.9555555555555556,
        "f1": 0.9381818181818182
      }
    },
    {
      "layer": 12,
      "best_C": 10.0,
      "train": {
        "accuracy": 0.9928469241773963,
        "precision": 1.0,
        "recall": 0.9922958397534669,
        "f1": 0.9961330239752514
      },
      "val": {
        "accuracy": 0.9261744966442953,
        "precision": 0.9782608695652174,
        "recall": 0.9440559440559441,
        "f1": 0.9608540925266904
      },
      "test": {
        "accuracy": 0.9006622516556292,
        "precision": 0.9166666666666666,
        "recall": 0.9777777777777777,