{
  "model_name": "allenai/Olmo-3-7B-Think-SFT",
  "n_layers": 32,
  "n_train": 219,
  "n_val": 46,
  "n_test": 48,
  "n_balanced_total": 313,
  "n_balanced_correct": 269,
  "n_balanced_incorrect": 44,
  "balanced_indices_path": "/Users/antyabharahman/Downloads/Personal/final_research/paper_codebase/-rl-sft-reasoning/experiment_code/layerwise_linear_probe/balanced_outputs/584/olmo3/balanced_indices_Olmo-3-7B-Think-SFT.json",
  "probe_config": {
    "cv_folds": 5,
    "C_range": [
      0.01,
      0.1,
      1.0,
      10.0,
      100.0
    ],
    "max_iter": 5000,
    "random_state": 42,
    "solver": "lbfgs"
  },
  "layer_results": [
    {
      "layer": 0,
      "best_C": 100.0,
      "train": {
        "accuracy": 0.8310502283105022,
        "precision": 0.975609756097561,
        "recall": 0.8290155440414507,
        "f1": 0.896358543417367
      },
      "val": {
        "accuracy": 0.717391304347826,
        "precision": 0.9375,
        "recall": 0.7317073170731707,
        "f1": 0.821917808219178
      },
      "test": {
        "accuracy": 0.75,
        "precision": 0.8709677419354839,
        "recall": 0.7714285714285715,
        "f1": 0.8181818181818182
      }
    },
    {
      "layer": 1,
      "best_C": 100.0,
      "train": {
        "accuracy": 0.8949771689497716,
        "precision": 0.9941860465116279,
        "recall": 0.8860103626943006,
        "f1": 0.936986301369863
      },
      "val": {
        "accuracy": 0.7391304347826086,
        "precision": 0.9142857142857143,
        "recall": 0.7804878048780488,
        "f1": 0.8421052631578947
      },
      "test": {
        "accuracy": 0.7083333333333334,
        "precision": 0.8181818181818182,
        "recall": 0.7714285714285715,
        "f1": 0.7941176470588235
      }
    },
    {
      "layer": 2,
      "best_C": 100.0,
      "train": {
        "accuracy": 0.9269406392694064,
        "precision": 0.994413407821229,
        "recall": 0.9222797927461139,
        "f1": 0.956989247311828
      },
      "val": {
        "accuracy": 0.7608695652173914,
        "precision": 0.9166666666666666,
        "recall": 0.8048780487804879,
        "f1": 0.8571428571428571
      },
      "test": {
        "accuracy": 0.75,
        "precision": 0.8285714285714286,
        "recall": 0.8285714285714286,
        "f1": 0.8285714285714286
      }
    },
    {
      "layer": 3,
      "best_C": 100.0,
      "train": {
        "accuracy": 0.9817351598173516,
        "precision": 1.0,
        "recall": 0.9792746113989638,
        "f1": 0.9895287958115183
      },
      "val": {
        "accuracy": 0.782608695652174,
        "precision": 0.918918918918919,
        "recall": 0.8292682926829268,
        "f1": 0.8717948717948718
      },
      "test": {
        "accuracy": 0.7916666666666666,
        "precision": 0.8378378378378378,
        "recall": 0.8857142857142857,
        "f1": 0.8611111111111112
      }
    },
    {
      "layer": 4,
      "best_C": 100.0,
      "train": {
        "accuracy": 0.9863013698630136,
        "precision": 1.0,
        "recall": 0.9844559585492227,
        "f1": 0.9921671018276762
      },
      "val": {
        "accuracy": 0.782608695652174,
        "precision": 0.918918918918919,
        "recall": 0.8292682926829268,
        "f1": 0.8717948717948718
      },
      "test": {
        "accuracy": 0.7708333333333334,
        "precision": 0.8157894736842105,
        "recall": 0.8857142857142857,
        "f1": 0.8493150684931506
      }
    },
    {
      "layer": 5,
      "best_C": 10.0,
      "train": {
        "accuracy": 0.9223744292237442,
        "precision": 0.9888888888888889,
        "recall": 0.9222797927461139,
        "f1": 0.9544235924932976
      },
      "val": {
        "accuracy": 0.7608695652173914,
        "precision": 0.9166666666666666,
        "recall": 0.8048780487804879,
        "f1": 0.8571428571428571
      },
      "test": {
        "accuracy": 0.7083333333333334,
        "precision": 0.8,
        "recall": 0.8,
        "f1": 0.8
      }
    },
    {
      "layer": 6,
      "best_C": 100.0,
      "train": {
        "accuracy": 0.9954337899543378,
        "precision": 1.0,
        "recall": 0.9948186528497409,
        "f1": 0.9974025974025974
      },
      "val": {
        "accuracy": 0.782608695652174,
        "precision": 0.918918918918919,
        "recall": 0.8292682926829268,
        "f1": 0.8717948717948718
      },
      "test": {
        "accuracy": 0.7916666666666666,
        "precision": 0.8378378378378378,
        "recall": 0.8857142857142857,
        "f1": 0.8611111111111112
      }
    },
    {
      "layer": 7,
      "best_C": 10.0,
      "train": {
        "accuracy": 0.9680365296803652,
        "precision": 1.0,
        "recall": 0.9637305699481865,
        "f1": 0.9815303430079155
      },
      "val": {
        "accuracy": 0.7391304347826086,
        "precision": 0.8918918918918919,
        "recall": 0.8048780487804879,
        "f1": 0.8461538461538461
      },
      "test": {
        "accuracy": 0.7916666666666666,
        "precision": 0.8571428571428571,
        "recall": 0.8571428571428571,
        "f1": 0.8571428571428571
      }
    },
    {
      "layer": 8,
      "best_C": 10.0,
      "train": {
        "accuracy": 0.9771689497716894,
        "precision": 1.0,
        "recall": 0.9740932642487047,
        "f1": 0.9868766404199475
      },
      "val": {
        "accuracy": 0.717391304347826,
        "precision": 0.8888888888888888,
        "recall": 0.7804878048780488,
        "f1": 0.8311688311688312
      },
      "test": {
        "accuracy": 0.8541666666666666,
        "precision": 0.868421052631579,
        "recall": 0.9428571428571428,
        "f1": 0.9041095890410958
      }
    },
    {
      "layer": 9,
      "best_C": 10.0,
      "train": {
        "accuracy": 0.9817351598173516,
        "precision": 1.0,
        "recall": 0.9792746113989638,
        "f1": 0.9895287958115183
      },
      "val": {
        "accuracy": 0.7608695652173914,
        "precision": 0.8947368421052632,
        "recall": 0.8292682926829268,
        "f1": 0.8607594936708861
      },
      "test": {
        "accuracy": 0.875,
        "precision": 0.8717948717948718,
        "recall": 0.9714285714285714,
        "f1": 0.918918918918919
      }
    },
    {
      "layer": 10,
      "best_C": 100.0,
      "train": {
        "accuracy": 1.0,
        "precision": 1.0,
        "recall": 1.0,
        "f1": 1.0
      },
      "val": {
        "accuracy": 0.8043478260869565,
        "precision": 0.9,
        "recall": 0.8780487804878049,
        "f1": 0.8888888888888888
      },
      "test": {
        "accuracy": 0.875,
        "precision": 0.8717948717948718,
        "recall": 0.9714285714285714,
        "f1": 0.918918918918919
      }
    },
    {
      "layer": 11,
      "best_C": 100.0,
      "train": {
        "accuracy": 1.0,
        "precision": 1.0,
        "recall": 1.0,
        "f1": 1.0
      },
      "val": {
        "accuracy": 0.8695652173913043,
        "precision": 0.926829268292683,
        "recall": 0.926829268292683,
        "f1": 0.926829268292683
      },
      "test": {
        "accuracy": 0.8541666666666666,
        "precision": 0.85,
        "recall": 0.9714285714285714,
        "f1": 0.9066666666666666
      }
    },
    {
      "layer": 12,
      "best_C": 100.0,
      "train": {
        "accuracy": 1.0,
        "precision": 1.0,
        "recall": 1.0,
        "f1": 1.0
      },
      "val": {
        "accuracy": 0.8695652173913043,
        "precision": 0.926829268292683,
        "recall": 0.926829268292683,
        "f1": 0.926829268292683
      },
      "test": {
        "accuracy": 0.875,
        "precision": 0.8717948717948718,
        "recall": 0.9714285714285714,
        "f1": 0.918918918918919
      }
    },
    {
      "layer": 13,
      "best_C": 100.0,
      "train": {
        "accuracy": 1.0,
        "precision": 1.0,
        "recall": 1.0,
        "f1": 1.0
      },