{
  "model_name": "allenai/Olmo-3-7B-Think",
  "n_layers": 32,
  "n_train": 700,
  "n_val": 150,
  "n_test": 150,
  "n_total": 1000,
  "n_correct": 914,
  "n_incorrect": 86,
  "correct_ratio": 91.4,
  "class_weight": "balanced",
  "indices_path": "/Users/antyabharahman/Downloads/Personal/final_research/paper_codebase/-rl-sft-reasoning/experiment_code/layerwise_linear_probe/balanced_outputs/584/olmo3/balanced_indices_Olmo-3-7B-Think.json",
  "probe_config": {
    "cv_folds": 5,
    "C_range": [
      0.01,
      0.1,
      1.0,
      10.0,
      100.0
    ],
    "max_iter": 5000,
    "random_state": 42,
    "solver": "lbfgs"
  },
  "layer_results": [
    {
      "layer": 0,
      "best_C": 100.0,
      "train": {
        "accuracy": 0.7685714285714286,
        "precision": 0.9819277108433735,
        "recall": 0.7616822429906542,
        "f1": 0.8578947368421053
      },
      "val": {
        "accuracy": 0.72,
        "precision": 0.9603960396039604,
        "recall": 0.7185185185185186,
        "f1": 0.8220338983050848
      },
      "test": {
        "accuracy": 0.7666666666666667,
        "precision": 0.9811320754716981,
        "recall": 0.7591240875912408,
        "f1": 0.8559670781893004
      }
    },
    {
      "layer": 1,
      "best_C": 100.0,
      "train": {
        "accuracy": 0.8428571428571429,
        "precision": 0.9889705882352942,
        "recall": 0.838006230529595,
        "f1": 0.9072512647554806
      },
      "val": {
        "accuracy": 0.82,
        "precision": 0.9655172413793104,
        "recall": 0.8296296296296296,
        "f1": 0.8924302788844621
      },
      "test": {
        "accuracy": 0.8333333333333334,
        "precision": 0.9745762711864406,
        "recall": 0.8394160583941606,
        "f1": 0.9019607843137255
      }
    },
    {
      "layer": 2,
      "best_C": 100.0,
      "train": {
        "accuracy": 0.8728571428571429,
        "precision": 0.9946332737030411,
        "recall": 0.8660436137071651,
        "f1": 0.925895087427144
      },
      "val": {
        "accuracy": 0.8266666666666667,
        "precision": 0.9658119658119658,
        "recall": 0.837037037037037,
        "f1": 0.8968253968253969
      },
      "test": {
        "accuracy": 0.84,
        "precision": 0.9829059829059829,
        "recall": 0.8394160583941606,
        "f1": 0.905511811023622
      }
    },
    {
      "layer": 3,
      "best_C": 100.0,
      "train": {
        "accuracy": 0.9157142857142857,
        "precision": 0.9982905982905983,
        "recall": 0.9096573208722741,
        "f1": 0.9519152404237978
      },
      "val": {
        "accuracy": 0.8466666666666667,
        "precision": 0.9666666666666667,
        "recall": 0.8592592592592593,
        "f1": 0.9098039215686274
      },
      "test": {
        "accuracy": 0.8666666666666667,
        "precision": 0.9834710743801653,
        "recall": 0.8686131386861314,
        "f1": 0.9224806201550387
      }
    },
    {
      "layer": 4,
      "best_C": 100.0,
      "train": {
        "accuracy": 0.9514285714285714,
        "precision": 1.0,
        "recall": 0.9470404984423676,
        "f1": 0.9728
      },
      "val": {
        "accuracy": 0.8733333333333333,
        "precision": 0.967741935483871,
        "recall": 0.8888888888888888,
        "f1": 0.9266409266409267
      },
      "test": {
        "accuracy": 0.8466666666666667,
        "precision": 0.9672131147540983,
        "recall": 0.8613138686131386,
        "f1": 0.9111969111969112
      }
    },
    {
      "layer": 5,
      "best_C": 100.0,
      "train": {
        "accuracy": 0.9571428571428572,
        "precision": 1.0,
        "recall": 0.9532710280373832,
        "f1": 0.9760765550239234
      },
      "val": {
        "accuracy": 0.8866666666666667,
        "precision": 0.9609375,
        "recall": 0.9111111111111111,
        "f1": 0.935361216730038
      },
      "test": {
        "accuracy": 0.8733333333333333,
        "precision": 0.9758064516129032,
        "recall": 0.8832116788321168,
        "f1": 0.9272030651340997
      }
    },
    {
      "layer": 6,
      "best_C": 100.0,
      "train": {
        "accuracy": 0.97,
        "precision": 1.0,
        "recall": 0.9672897196261683,
        "f1": 0.9833729216152018
      },
      "val": {
        "accuracy": 0.8733333333333333,
        "precision": 0.967741935483871,
        "recall": 0.8888888888888888,
        "f1": 0.9266409266409267
      },
      "test": {
        "accuracy": 0.8866666666666667,
        "precision": 0.9761904761904762,
        "recall": 0.8978102189781022,
        "f1": 0.935361216730038
      }
    },
    {
      "layer": 7,
      "best_C": 100.0,
      "train": {
        "accuracy": 0.9885714285714285,
        "precision": 1.0,
        "recall": 0.9875389408099688,
        "f1": 0.9937304075235109
      },
      "val": {
        "accuracy": 0.8533333333333334,
        "precision": 0.9448818897637795,
        "recall": 0.8888888888888888,
        "f1": 0.916030534351145
      },
      "test": {
        "accuracy": 0.8933333333333333,
        "precision": 0.9481481481481482,
        "recall": 0.9343065693430657,
        "f1": 0.9411764705882353
      }
    },
    {
      "layer": 8,
      "best_C": 100.0,
      "train": {
        "accuracy": 0.9957142857142857,
        "precision": 1.0,
        "recall": 0.9953271028037384,
        "f1": 0.9976580796252927
      },
      "val": {
        "accuracy": 0.8733333333333333,
        "precision": 0.953125,
        "recall": 0.9037037037037037,
        "f1": 0.9277566539923955
      },
      "test": {
        "accuracy": 0.9066666666666666,
        "precision": 0.9624060150375939,
        "recall": 0.9343065693430657,
        "f1": 0.9481481481481482
      }
    },
    {
      "layer": 9,
      "best_C": 100.0,
      "train": {
        "accuracy": 1.0,
        "precision": 1.0,
        "recall": 1.0,
        "f1": 1.0
      },
      "val": {
        "accuracy": 0.86,
        "precision": 0.9596774193548387,
        "recall": 0.8814814814814815,
        "f1": 0.918918918918919
      },
      "test": {
        "accuracy": 0.9266666666666666,
        "precision": 0.9772727272727273,
        "recall": 0.9416058394160584,
        "f1": 0.9591078066914498
      }
    },
    {
      "layer": 10,
      "best_C": 100.0,
      "train": {
        "accuracy": 1.0,
        "precision": 1.0,
        "recall": 1.0,
        "f1": 1.0
      },
      "val": {
        "accuracy": 0.8866666666666667,
        "precision": 0.9682539682539683,
        "recall": 0.9037037037037037,
        "f1": 0.9348659003831418
      },
      "test": {
        "accuracy": 0.9466666666666667,
        "precision": 0.9849624060150376,
        "recall": 0.9562043795620438,
        "f1": 0.9703703703703703
      }
    },
    {
      "layer": 11,
      "best_C": 100.0,
      "train": {
        "accuracy": 1.0,
        "precision": 1.0,
        "recall": 1.0,
        "f1": 1.0
      },
      "val": {
        "accuracy": 0.9,
        "precision": 0.9615384615384616,
        "recall": 0.9259259259259259,
        "f1": 0.9433962264150944
      },
      "test": {
        "accuracy": 0.9533333333333334,
        "precision": 0.9850746268656716,
        "recall": 0.9635036496350365,
        "f1": 0.974169741697417
      }
    },
    {
      "layer": 12,
      "best_C": 100.0,
      "train": {
        "accuracy": 1.0,
        "precision": 1.0,
        "recall": 1.0,
        "f1": 1.0
      },
      "val": {
        "accuracy": 0.8866666666666667,
        "precision": 0.9609375,
        "recall": 0.9111111111111111,
        "f1": 0.935361216730038
      },
      "test": {
        "accuracy": 0.96,
        "precision": 0.9851851851851852,
        "recall": 0.9708029197080292,
        "f1": 0.9779411764705882
      }
    },
    {
      "layer": 13,
      "best_C": 10.0,
      "train": {
        "accuracy": 0.9928571428571429,
        "precision": 1.0,
        "recall": 0.9922118380062306,
        "f1": 0.9960906958561376
      },