{
  "model_name": "allenai/Olmo-3-1025-7B",
  "n_layers": 32,
  "n_train": 184,
  "n_val": 39,
  "n_test": 41,
  "n_balanced_total": 264,
  "n_balanced_correct": 80,
  "n_balanced_incorrect": 184,
  "balanced_indices_path": "/Users/antyabharahman/Downloads/Personal/final_research/paper_codebase/-rl-sft-reasoning/experiment_code/layerwise_linear_probe/balanced_outputs/584/olmo3/balanced_indices_Olmo-3-1025-7B.json",
  "probe_config": {
    "cv_folds": 5,
    "C_range": [
      0.01,
      0.1,
      1.0,
      10.0,
      100.0
    ],
    "max_iter": 5000,
    "random_state": 42,
    "solver": "lbfgs"
  },
  "layer_results": [
    {
      "layer": 0,
      "best_C": 100.0,
      "train": {
        "accuracy": 0.875,
        "precision": 0.7468354430379747,
        "recall": 0.9516129032258065,
        "f1": 0.8368794326241135
      },
      "val": {
        "accuracy": 0.717948717948718,
        "precision": 0.5294117647058824,
        "recall": 0.75,
        "f1": 0.6206896551724138
      },
      "test": {
        "accuracy": 0.7073170731707317,
        "precision": 0.2857142857142857,
        "recall": 0.6666666666666666,
        "f1": 0.4
      }
    },
    {
      "layer": 1,
      "best_C": 10.0,
      "train": {
        "accuracy": 0.8369565217391305,
        "precision": 0.6951219512195121,
        "recall": 0.9193548387096774,
        "f1": 0.7916666666666666
      },
      "val": {
        "accuracy": 0.7435897435897436,
        "precision": 0.5555555555555556,
        "recall": 0.8333333333333334,
        "f1": 0.6666666666666666
      },
      "test": {
        "accuracy": 0.7073170731707317,
        "precision": 0.2857142857142857,
        "recall": 0.6666666666666666,
        "f1": 0.4
      }
    },
    {
      "layer": 2,
      "best_C": 100.0,
      "train": {
        "accuracy": 0.9402173913043478,
        "precision": 0.8591549295774648,
        "recall": 0.9838709677419355,
        "f1": 0.9172932330827067
      },
      "val": {
        "accuracy": 0.7948717948717948,
        "precision": 0.625,
        "recall": 0.8333333333333334,
        "f1": 0.7142857142857143
      },
      "test": {
        "accuracy": 0.7317073170731707,
        "precision": 0.3333333333333333,
        "recall": 0.8333333333333334,
        "f1": 0.47619047619047616
      }
    },
    {
      "layer": 3,
      "best_C": 100.0,
      "train": {
        "accuracy": 0.967391304347826,
        "precision": 0.9117647058823529,
        "recall": 1.0,
        "f1": 0.9538461538461539
      },
      "val": {
        "accuracy": 0.717948717948718,
        "precision": 0.5294117647058824,
        "recall": 0.75,
        "f1": 0.6206896551724138
      },
      "test": {
        "accuracy": 0.7317073170731707,
        "precision": 0.2727272727272727,
        "recall": 0.5,
        "f1": 0.35294117647058826
      }
    },
    {
      "layer": 4,
      "best_C": 100.0,
      "train": {
        "accuracy": 0.9782608695652174,
        "precision": 0.9393939393939394,
        "recall": 1.0,
        "f1": 0.96875
      },
      "val": {
        "accuracy": 0.717948717948718,
        "precision": 0.5294117647058824,
        "recall": 0.75,
        "f1": 0.6206896551724138
      },
      "test": {
        "accuracy": 0.7804878048780488,
        "precision": 0.3333333333333333,
        "recall": 0.5,
        "f1": 0.4
      }
    },
    {
      "layer": 5,
      "best_C": 100.0,
      "train": {
        "accuracy": 0.9945652173913043,
        "precision": 0.9841269841269841,
        "recall": 1.0,
        "f1": 0.992
      },
      "val": {
        "accuracy": 0.7435897435897436,
        "precision": 0.5555555555555556,
        "recall": 0.8333333333333334,
        "f1": 0.6666666666666666
      },
      "test": {
        "accuracy": 0.7317073170731707,
        "precision": 0.2727272727272727,
        "recall": 0.5,
        "f1": 0.35294117647058826
      }
    },
    {
      "layer": 6,
      "best_C": 10.0,
      "train": {
        "accuracy": 0.9293478260869565,
        "precision": 0.8266666666666667,
        "recall": 1.0,
        "f1": 0.9051094890510949
      },
      "val": {
        "accuracy": 0.7692307692307693,
        "precision": 0.5882352941176471,
        "recall": 0.8333333333333334,
        "f1": 0.6896551724137931
      },
      "test": {
        "accuracy": 0.6829268292682927,
        "precision": 0.23076923076923078,
        "recall": 0.5,
        "f1": 0.3157894736842105
      }
    },
    {
      "layer": 7,
      "best_C": 100.0,
      "train": {
        "accuracy": 1.0,
        "precision": 1.0,
        "recall": 1.0,
        "f1": 1.0
      },
      "val": {
        "accuracy": 0.7948717948717948,
        "precision": 0.6111111111111112,
        "recall": 0.9166666666666666,
        "f1": 0.7333333333333333
      },
      "test": {
        "accuracy": 0.7560975609756098,
        "precision": 0.3,
        "recall": 0.5,
        "f1": 0.375
      }
    },
    {
      "layer": 8,
      "best_C": 100.0,
      "train": {
        "accuracy": 1.0,
        "precision": 1.0,
        "recall": 1.0,
        "f1": 1.0
      },
      "val": {
        "accuracy": 0.7948717948717948,
        "precision": 0.6111111111111112,
        "recall": 0.9166666666666666,
        "f1": 0.7333333333333333
      },
      "test": {
        "accuracy": 0.7560975609756098,
        "precision": 0.3,
        "recall": 0.5,
        "f1": 0.375
      }
    },
    {
      "layer": 9,
      "best_C": 100.0,
      "train": {
        "accuracy": 1.0,
        "precision": 1.0,
        "recall": 1.0,
        "f1": 1.0
      },
      "val": {
        "accuracy": 0.7435897435897436,
        "precision": 0.5555555555555556,
        "recall": 0.8333333333333334,
        "f1": 0.6666666666666666
      },
      "test": {
        "accuracy": 0.7317073170731707,
        "precision": 0.2727272727272727,
        "recall": 0.5,
        "f1": 0.35294117647058826
      }
    },
    {
      "layer": 10,
      "best_C": 100.0,
      "train": {
        "accuracy": 1.0,
        "precision": 1.0,
        "recall": 1.0,
        "f1": 1.0
      },
      "val": {
        "accuracy": 0.7692307692307693,
        "precision": 0.5882352941176471,
        "recall": 0.8333333333333334,
        "f1": 0.6896551724137931
      },
      "test": {
        "accuracy": 0.7317073170731707,
        "precision": 0.2727272727272727,
        "recall": 0.5,
        "f1": 0.35294117647058826
      }
    },
    {
      "layer": 11,
      "best_C": 10.0,
      "train": {
        "accuracy": 0.9891304347826086,
        "precision": 0.96875,
        "recall": 1.0,
        "f1": 0.9841269841269841
      },
      "val": {
        "accuracy": 0.7435897435897436,
        "precision": 0.5555555555555556,
        "recall": 0.8333333333333334,
        "f1": 0.6666666666666666
      },
      "test": {
        "accuracy": 0.7804878048780488,
        "precision": 0.36363636363636365,
        "recall": 0.6666666666666666,
        "f1": 0.47058823529411764
      }
    },
    {
      "layer": 12,
      "best_C": 100.0,
      "train": {
        "accuracy": 1.0,
        "precision": 1.0,
        "recall": 1.0,
        "f1": 1.0
      },
      "val": {
        "accuracy": 0.7948717948717948,
        "precision": 0.625,
        "recall": 0.8333333333333334,
        "f1": 0.7142857142857143
      },
      "test": {
        "accuracy": 0.7560975609756098,
        "precision": 0.3,
        "recall": 0.5,
        "f1": 0.375
      }
    },
    {
      "layer": 13,
      "best_C": 1.0,
      "train": {
        "accuracy": 0.9402173913043478,
        "precision": 0.8493150684931506,
        "recall": 1.0,
        "f1": 0.9185185185185185
      },
      "val": {
        "accuracy": 0.7435897435897436,
        "precision": 0.5555555555555556,
        "recall": 0.8333333333333334,
        "f1": 0.6666666666666666
      },
      "test": {
        "accuracy": 0.7073170731707317,
        "precision": 0.25,
        "recall": 0.5,