{
  "model_name": "allenai/Olmo-3-7B-Instruct",
  "n_layers": 32,
  "n_train": 700,
  "n_val": 150,
  "n_test": 150,
  "n_total": 1000,
  "n_correct": 882,
  "n_incorrect": 118,
  "correct_ratio": 88.2,
  "class_weight": "balanced",
  "indices_path": "/Users/antyabharahman/Downloads/Personal/final_research/paper_codebase/-rl-sft-reasoning/experiment_code/layerwise_linear_probe/balanced_outputs/584/olmo3/balanced_indices_Olmo-3-7B-Instruct.json",
  "probe_config": {
    "cv_folds": 5,
    "C_range": [
      0.01,
      0.1,
      1.0,
      10.0,
      100.0
    ],
    "max_iter": 5000,
    "random_state": 42,
    "solver": "lbfgs"
  },
  "layer_results": [
    {
      "layer": 0,
      "best_C": 100.0,
      "train": {
        "accuracy": 0.6585714285714286,
        "precision": 0.9415887850467289,
        "recall": 0.653160453808752,
        "f1": 0.7712918660287081
      },
      "val": {
        "accuracy": 0.6266666666666667,
        "precision": 0.9,
        "recall": 0.6617647058823529,
        "f1": 0.7627118644067796
      },
      "test": {
        "accuracy": 0.6333333333333333,
        "precision": 0.8557692307692307,
        "recall": 0.689922480620155,
        "f1": 0.7639484978540773
      }
    },
    {
      "layer": 1,
      "best_C": 100.0,
      "train": {
        "accuracy": 0.7928571428571428,
        "precision": 0.98559670781893,
        "recall": 0.7763371150729336,
        "f1": 0.8685403445149592
      },
      "val": {
        "accuracy": 0.6933333333333334,
        "precision": 0.9017857142857143,
        "recall": 0.7426470588235294,
        "f1": 0.8145161290322581
      },
      "test": {
        "accuracy": 0.7133333333333334,
        "precision": 0.8706896551724138,
        "recall": 0.7829457364341085,
        "f1": 0.8244897959183674
      }
    },
    {
      "layer": 2,
      "best_C": 100.0,
      "train": {
        "accuracy": 0.8357142857142857,
        "precision": 0.990234375,
        "recall": 0.8217179902755267,
        "f1": 0.8981399468556245
      },
      "val": {
        "accuracy": 0.74,
        "precision": 0.907563025210084,
        "recall": 0.7941176470588235,
        "f1": 0.8470588235294118
      },
      "test": {
        "accuracy": 0.72,
        "precision": 0.8717948717948718,
        "recall": 0.7906976744186046,
        "f1": 0.8292682926829268
      }
    },
    {
      "layer": 3,
      "best_C": 100.0,
      "train": {
        "accuracy": 0.9128571428571428,
        "precision": 0.9982078853046595,
        "recall": 0.9027552674230146,
        "f1": 0.9480851063829787
      },
      "val": {
        "accuracy": 0.8133333333333334,
        "precision": 0.921875,
        "recall": 0.8676470588235294,
        "f1": 0.8939393939393939
      },
      "test": {
        "accuracy": 0.76,
        "precision": 0.8661417322834646,
        "recall": 0.8527131782945736,
        "f1": 0.859375
      }
    },
    {
      "layer": 4,
      "best_C": 100.0,
      "train": {
        "accuracy": 0.9371428571428572,
        "precision": 1.0,
        "recall": 0.9286871961102107,
        "f1": 0.9630252100840336
      },
      "val": {
        "accuracy": 0.8133333333333334,
        "precision": 0.921875,
        "recall": 0.8676470588235294,
        "f1": 0.8939393939393939
      },
      "test": {
        "accuracy": 0.7733333333333333,
        "precision": 0.8571428571428571,
        "recall": 0.8837209302325582,
        "f1": 0.8702290076335878
      }
    },
    {
      "layer": 5,
      "best_C": 100.0,
      "train": {
        "accuracy": 0.9628571428571429,
        "precision": 1.0,
        "recall": 0.9578606158833063,
        "f1": 0.9784768211920529
      },
      "val": {
        "accuracy": 0.8266666666666667,
        "precision": 0.9230769230769231,
        "recall": 0.8823529411764706,
        "f1": 0.9022556390977443
      },
      "test": {
        "accuracy": 0.76,
        "precision": 0.8549618320610687,
        "recall": 0.8682170542635659,
        "f1": 0.8615384615384616
      }
    },
    {
      "layer": 6,
      "best_C": 100.0,
      "train": {
        "accuracy": 0.9828571428571429,
        "precision": 1.0,
        "recall": 0.9805510534846029,
        "f1": 0.9901800327332242
      },
      "val": {
        "accuracy": 0.8266666666666667,
        "precision": 0.9104477611940298,
        "recall": 0.8970588235294118,
        "f1": 0.9037037037037037
      },
      "test": {
        "accuracy": 0.7533333333333333,
        "precision": 0.8484848484848485,
        "recall": 0.8682170542635659,
        "f1": 0.8582375478927203
      }
    },
    {
      "layer": 7,
      "best_C": 100.0,
      "train": {
        "accuracy": 0.9928571428571429,
        "precision": 1.0,
        "recall": 0.9918962722852512,
        "f1": 0.9959316517493898
      },
      "val": {
        "accuracy": 0.8066666666666666,
        "precision": 0.9147286821705426,
        "recall": 0.8676470588235294,
        "f1": 0.8905660377358491
      },
      "test": {
        "accuracy": 0.78,
        "precision": 0.8582089552238806,
        "recall": 0.8914728682170543,
        "f1": 0.8745247148288974
      }
    },
    {
      "layer": 8,
      "best_C": 100.0,
      "train": {
        "accuracy": 0.9957142857142857,
        "precision": 1.0,
        "recall": 0.9951377633711507,
        "f1": 0.9975629569455727
      },
      "val": {
        "accuracy": 0.8333333333333334,
        "precision": 0.9051094890510949,
        "recall": 0.9117647058823529,
        "f1": 0.9084249084249084
      },
      "test": {
        "accuracy": 0.7733333333333333,
        "precision": 0.8571428571428571,
        "recall": 0.8837209302325582,
        "f1": 0.8702290076335878
      }
    },
    {
      "layer": 9,
      "best_C": 100.0,
      "train": {
        "accuracy": 0.9971428571428571,
        "precision": 1.0,
        "recall": 0.9967585089141004,
        "f1": 0.9983766233766234
      },
      "val": {
        "accuracy": 0.8133333333333334,
        "precision": 0.9029850746268657,
        "recall": 0.8897058823529411,
        "f1": 0.8962962962962963
      },
      "test": {
        "accuracy": 0.76,
        "precision": 0.849624060150376,
        "recall": 0.875968992248062,
        "f1": 0.8625954198473282
      }
    },
    {
      "layer": 10,
      "best_C": 100.0,
      "train": {
        "accuracy": 0.9985714285714286,
        "precision": 1.0,
        "recall": 0.9983792544570502,
        "f1": 0.9991889699918897
      },
      "val": {
        "accuracy": 0.8533333333333334,
        "precision": 0.9071428571428571,
        "recall": 0.9338235294117647,
        "f1": 0.9202898550724637
      },
      "test": {
        "accuracy": 0.7933333333333333,
        "precision": 0.855072463768116,
        "recall": 0.9147286821705426,
        "f1": 0.8838951310861424
      }
    },
    {
      "layer": 11,
      "best_C": 100.0,
      "train": {
        "accuracy": 1.0,
        "precision": 1.0,
        "recall": 1.0,
        "f1": 1.0
      },
      "val": {
        "accuracy": 0.8533333333333334,
        "precision": 0.9071428571428571,
        "recall": 0.9338235294117647,
        "f1": 0.9202898550724637
      },
      "test": {
        "accuracy": 0.7933333333333333,
        "precision": 0.855072463768116,
        "recall": 0.9147286821705426,
        "f1": 0.8838951310861424
      }
    },
    {
      "layer": 12,
      "best_C": 100.0,
      "train": {
        "accuracy": 1.0,
        "precision": 1.0,
        "recall": 1.0,
        "f1": 1.0
      },
      "val": {
        "accuracy": 0.84,
        "precision": 0.9057971014492754,
        "recall": 0.9191176470588235,
        "f1": 0.9124087591240876
      },
      "test": {
        "accuracy": 0.8133333333333334,
        "precision": 0.8633093525179856,
        "recall": 0.9302325581395349,
        "f1": 0.8955223880597015
      }
    },
    {
      "layer": 13,
      "best_C": 100.0,
      "train": {
        "accuracy": 1.0,
        "precision": 1.0,