{
  "model_name": "allenai/Olmo-3-7B-RLZero-Math",
  "n_layers": 32,
  "n_train": 690,
  "n_val": 148,
  "n_test": 149,
  "n_total": 987,
  "n_correct": 283,
  "n_incorrect": 704,
  "correct_ratio": 28.7,
  "class_weight": "balanced",
  "indices_path": "/Users/antyabharahman/Downloads/Personal/final_research/paper_codebase/-rl-sft-reasoning/experiment_code/layerwise_linear_probe/balanced_outputs/584/olmo3/balanced_indices_Olmo-3-7B-RLZero-Math.json",
  "probe_config": {
    "cv_folds": 5,
    "C_range": [
      0.01,
      0.1,
      1.0,
      10.0,
      100.0
    ],
    "max_iter": 5000,
    "random_state": 42,
    "solver": "lbfgs"
  },
  "layer_results": [
    {
      "layer": 0,
      "best_C": 0.01,
      "train": {
        "accuracy": 0.8594202898550725,
        "precision": 0.7476190476190476,
        "recall": 0.7810945273631841,
        "f1": 0.7639902676399026
      },
      "val": {
        "accuracy": 0.8918918918918919,
        "precision": 0.7692307692307693,
        "recall": 0.9090909090909091,
        "f1": 0.8333333333333334
      },
      "test": {
        "accuracy": 0.87248322147651,
        "precision": 0.7714285714285715,
        "recall": 0.7105263157894737,
        "f1": 0.7397260273972602
      }
    },
    {
      "layer": 1,
      "best_C": 0.01,
      "train": {
        "accuracy": 0.8594202898550725,
        "precision": 0.7476190476190476,
        "recall": 0.7810945273631841,
        "f1": 0.7639902676399026
      },
      "val": {
        "accuracy": 0.8918918918918919,
        "precision": 0.7692307692307693,
        "recall": 0.9090909090909091,
        "f1": 0.8333333333333334
      },
      "test": {
        "accuracy": 0.87248322147651,
        "precision": 0.7714285714285715,
        "recall": 0.7105263157894737,
        "f1": 0.7397260273972602
      }
    },
    {
      "layer": 2,
      "best_C": 0.01,
      "train": {
        "accuracy": 0.8594202898550725,
        "precision": 0.7476190476190476,
        "recall": 0.7810945273631841,
        "f1": 0.7639902676399026
      },
      "val": {
        "accuracy": 0.8918918918918919,
        "precision": 0.7692307692307693,
        "recall": 0.9090909090909091,
        "f1": 0.8333333333333334
      },
      "test": {
        "accuracy": 0.87248322147651,
        "precision": 0.7714285714285715,
        "recall": 0.7105263157894737,
        "f1": 0.7397260273972602
      }
    },
    {
      "layer": 3,
      "best_C": 100.0,
      "train": {
        "accuracy": 0.9826086956521739,
        "precision": 0.9478672985781991,
        "recall": 0.9950248756218906,
        "f1": 0.970873786407767
      },
      "val": {
        "accuracy": 0.8648648648648649,
        "precision": 0.7222222222222222,
        "recall": 0.8863636363636364,
        "f1": 0.7959183673469388
      },
      "test": {
        "accuracy": 0.87248322147651,
        "precision": 0.7878787878787878,
        "recall": 0.6842105263157895,
        "f1": 0.7323943661971831
      }
    },
    {
      "layer": 4,
      "best_C": 100.0,
      "train": {
        "accuracy": 0.9840579710144928,
        "precision": 0.9523809523809523,
        "recall": 0.9950248756218906,
        "f1": 0.9732360097323601
      },
      "val": {
        "accuracy": 0.8513513513513513,
        "precision": 0.72,
        "recall": 0.8181818181818182,
        "f1": 0.7659574468085106
      },
      "test": {
        "accuracy": 0.8859060402684564,
        "precision": 0.8,
        "recall": 0.7368421052631579,
        "f1": 0.7671232876712328
      }
    },
    {
      "layer": 5,
      "best_C": 10.0,
      "train": {
        "accuracy": 0.9507246376811594,
        "precision": 0.8614718614718615,
        "recall": 0.9900497512437811,
        "f1": 0.9212962962962963
      },
      "val": {
        "accuracy": 0.8581081081081081,
        "precision": 0.7090909090909091,
        "recall": 0.8863636363636364,
        "f1": 0.7878787878787878
      },
      "test": {
        "accuracy": 0.8657718120805369,
        "precision": 0.7368421052631579,
        "recall": 0.7368421052631579,
        "f1": 0.7368421052631579
      }
    },
    {
      "layer": 6,
      "best_C": 10.0,
      "train": {
        "accuracy": 0.9565217391304348,
        "precision": 0.8766519823788547,
        "recall": 0.9900497512437811,
        "f1": 0.9299065420560748
      },
      "val": {
        "accuracy": 0.8783783783783784,
        "precision": 0.75,
        "recall": 0.8863636363636364,
        "f1": 0.8125
      },
      "test": {
        "accuracy": 0.8791946308724832,
        "precision": 0.7631578947368421,
        "recall": 0.7631578947368421,
        "f1": 0.7631578947368421
      }
    },
    {
      "layer": 7,
      "best_C": 1.0,
      "train": {
        "accuracy": 0.9318840579710145,
        "precision": 0.8181818181818182,
        "recall": 0.9850746268656716,
        "f1": 0.8939051918735892
      },
      "val": {
        "accuracy": 0.8581081081081081,
        "precision": 0.6949152542372882,
        "recall": 0.9318181818181818,
        "f1": 0.7961165048543689
      },
      "test": {
        "accuracy": 0.8993288590604027,
        "precision": 0.7804878048780488,
        "recall": 0.8421052631578947,
        "f1": 0.810126582278481
      }
    },
    {
      "layer": 8,
      "best_C": 1.0,
      "train": {
        "accuracy": 0.9347826086956522,
        "precision": 0.8223140495867769,
        "recall": 0.9900497512437811,
        "f1": 0.8984198645598194
      },
      "val": {
        "accuracy": 0.8513513513513513,
        "precision": 0.6896551724137931,
        "recall": 0.9090909090909091,
        "f1": 0.7843137254901961
      },
      "test": {
        "accuracy": 0.8993288590604027,
        "precision": 0.7948717948717948,
        "recall": 0.8157894736842105,
        "f1": 0.8051948051948052
      }
    },
    {
      "layer": 9,
      "best_C": 10.0,
      "train": {
        "accuracy": 0.9869565217391304,
        "precision": 0.9615384615384616,
        "recall": 0.9950248756218906,
        "f1": 0.9779951100244498
      },
      "val": {
        "accuracy": 0.8783783783783784,
        "precision": 0.75,
        "recall": 0.8863636363636364,
        "f1": 0.8125
      },
      "test": {
        "accuracy": 0.87248322147651,
        "precision": 0.7435897435897436,
        "recall": 0.7631578947368421,
        "f1": 0.7532467532467533
      }
    },
    {
      "layer": 10,
      "best_C": 0.1,
      "train": {
        "accuracy": 0.9188405797101449,
        "precision": 0.7935222672064778,
        "recall": 0.9751243781094527,
        "f1": 0.875
      },
      "val": {
        "accuracy": 0.8648648648648649,
        "precision": 0.7,
        "recall": 0.9545454545454546,
        "f1": 0.8076923076923077
      },
      "test": {
        "accuracy": 0.9060402684563759,
        "precision": 0.7857142857142857,
        "recall": 0.868421052631579,
        "f1": 0.825
      }
    },
    {
      "layer": 11,
      "best_C": 1.0,
      "train": {
        "accuracy": 0.9594202898550724,
        "precision": 0.8844444444444445,
        "recall": 0.9900497512437811,
        "f1": 0.9342723004694836
      },
      "val": {
        "accuracy": 0.8716216216216216,
        "precision": 0.7358490566037735,
        "recall": 0.8863636363636364,
        "f1": 0.8041237113402062
      },
      "test": {
        "accuracy": 0.8926174496644296,
        "precision": 0.7894736842105263,
        "recall": 0.7894736842105263,
        "f1": 0.7894736842105263
      }
    },
    {
      "layer": 12,
      "best_C": 100.0,
      "train": {
        "accuracy": 1.0,
        "precision": 1.0,
        "recall": 1.0,
        "f1": 1.0
      },
      "val": {
        "accuracy": 0.8716216216216216,
        "precision": 0.7659574468085106,
        "recall": 0.8181818181818182,
        "f1": 0.7912087912087912
      },
      "test": {
        "accuracy": 0.87248322147651,
        "precision": 0.7714285714285715,