accuracy_bin,avg_cv,std_of_cv,count,se_of_cv,ci_95,model
0-20%,0.08305749216675144,0.014180203189225858,2,0.010026917833704711,0.12740407087043423,Olmo-3-7B-Think
80-100%,0.09950172824490393,0.07938557162937906,48,0.011458320287498582,0.02305116714165259,Olmo-3-7B-Think
0-20%,0.10120867848591865,0.11050457420553343,2,0.07813853377286473,0.9928442079226331,Olmo-3-7B-Instruct
80-100%,0.11049427361895459,0.15422241335172668,48,0.022260087965923284,0.04478152080023628,Olmo-3-7B-Instruct
